"Survey","County","1-unit","2-units","3-4 units","5+ units"
"2010","Kalamazoo","279","10","0","0"
"2011","Kalamazoo","268","14","0","0"
"2012","Kalamazoo","363","32","0","6"
"2013","Kalamazoo","437","18","4","36"
"2014","Kalamazoo","430","10","4","36"
"2015","Kalamazoo","369","46","28","48"
"2016","Kalamazoo","461","30","0","129"
"2017","Kalamazoo","431","34","12","411"
"2018","Kalamazoo","352","34","0","74"
"2019","Kalamazoo","460","24","14","144"
"2020","Kalamazoo","444","22","30","0"
"2021","Kalamazoo","402","10","7","0"
"2022","Kalamazoo","341","22","54","40"
"2023","Kalamazoo","409","2","7","300"
"2024","Kalamazoo","284","4","13","0"
"2025","Kalamazoo","479","8","0","0"
"2010","Berrien","133","0","0","0"
"2011","Berrien","130","2","4","0"
"2012","Berrien","145","0","6","0"
"2013","Berrien","146","2","0","43"
"2014","Berrien","184","0","0","0"
"2015","Berrien","168","0","12","28"
"2016","Berrien","246","2","0","64"
"2017","Berrien","224","0","0","13"
"2018","Berrien","237","2","0","63"
"2019","Berrien","201","2","3","0"
"2020","Berrien","248","12","0","0"
"2021","Berrien","325","0","0","6"
"2022","Berrien","259","22","0","5"
"2023","Berrien","303","0","4","48"
"2024","Berrien","339","12","3","0"
"2025","Berrien","255","40","4","73"
"2010","Branch","19","0","0","0"
"2011","Branch","17","0","0","0"
"2012","Branch","2","0","0","0"
"2013","Branch","1","0","0","0"
"2014","Branch","0","0","0","0"
"2015","Branch","30","0","0","0"
"2016","Branch","41","0","0","0"
"2017","Branch","82","2","0","0"
"2018","Branch","78","4","0","0"
"2019","Branch","77","2","0","0"
"2020","Branch","34","0","0","0"
"2021","Branch","35","0","0","0"
"2022","Branch","41","0","0","312"
"2023","Branch","41","0","0","0"
"2024","Branch","43","0","0","0"
"2025","Branch","40","4","0","0"
"2010","Calhoun","33","0","0","0"
"2011","Calhoun","33","0","0","16"
"2012","Calhoun","36","0","0","101"
"2013","Calhoun","47","0","0","0"
"2014","Calhoun","34","2","0","20"
"2015","Calhoun","59","0","0","0"
"2016","Calhoun","44","0","0","0"
"2017","Calhoun","78","0","0","6"
"2018","Calhoun","54","0","0","0"
"2019","Calhoun","54","2","0","0"
"2020","Calhoun","90","0","0","0"
"2021","Calhoun","108","0","0","0"
"2022","Calhoun","93","2","0","0"
"2023","Calhoun","131","0","0","0"
"2024","Calhoun","85","6","0","0"
"2025","Calhoun","120","0","0","0"
"2010","Cass","70","2","0","0"
"2011","Cass","75","0","0","0"
"2012","Cass","60","0","0","0"
"2013","Cass","78","0","0","0"
"2014","Cass","84","0","0","0"
"2015","Cass","89","0","0","0"
"2016","Cass","114","0","0","0"
"2017","Cass","134","0","0","0"
"2018","Cass","90","0","0","0"
"2019","Cass","105","0","0","0"
"2020","Cass","269","0","0","0"
"2021","Cass","128","0","0","0"
"2022","Cass","151","2","0","0"
"2023","Cass","131","0","0","0"
"2024","Cass","140","0","0","0"
"2025","Cass","140","0","0","0"
"2010","St. Joseph","32","0","0","0"
"2011","St. Joseph","38","0","0","0"
"2012","St. Joseph","28","2","0","0"
"2013","St. Joseph","32","0","0","0"
"2014","St. Joseph","44","0","0","0"
"2015","St. Joseph","60","0","0","12"
"2016","St. Joseph","64","0","0","0"
"2017","St. Joseph","64","0","0","0"
"2018","St. Joseph","67","0","0","0"
"2019","St. Joseph","85","0","0","0"
"2020","St. Joseph","99","0","0","0"
"2021","St. Joseph","78","0","0","0"
"2022","St. Joseph","118","0","0","0"
"2023","St. Joseph","115","0","0","0"
"2024","St. Joseph","102","0","0","78"
"2025","St. Joseph","142","8","0","90"
"2010","Van Buren","72","0","6","0"
"2011","Van Buren","69","0","0","0"
"2012","Van Buren","69","0","0","0"
"2013","Van Buren","74","0","0","0"
"2014","Van Buren","81","0","0","0"
"2015","Van Buren","132","0","0","0"
"2016","Van Buren","102","2","0","0"
"2017","Van Buren","148","0","0","0"
"2018","Van Buren","119","0","0","0"
"2019","Van Buren","123","2","0","0"
"2020","Van Buren","164","0","0","12"
"2021","Van Buren","246","0","0","0"
"2022","Van Buren","173","0","0","0"
"2023","Van Buren","189","16","0","0"
"2024","Van Buren","208","4","0","0"
"2025","Van Buren","200","10","0","0"
"2010","Alcona","20","0","0","0"
"2011","Alcona","19","0","0","0"
"2012","Alcona","20","0","0","0"
"2013","Alcona","19","0","0","0"
"2014","Alcona","23","0","0","0"
"2015","Alcona","24","0","0","0"
"2016","Alcona","24","0","0","0"
"2017","Alcona","26","0","0","0"
"2018","Alcona","26","0","0","0"
"2019","Alcona","26","0","0","0"
"2020","Alcona","29","0","0","0"
"2021","Alcona","40","0","0","0"
"2022","Alcona","39","0","0","0"
"2023","Alcona","35","0","0","0"
"2024","Alcona","38","0","0","0"
"2025","Alcona","48","0","0","0"
"2010","Alger","35","0","0","0"
"2011","Alger","37","0","0","0"
"2012","Alger","22","0","0","0"
"2013","Alger","15","0","0","0"
"2014","Alger","28","0","0","0"
"2015","Alger","23","0","0","0"
"2016","Alger","24","0","0","0"
"2017","Alger","16","0","0","0"
"2018","Alger","25","0","0","0"
"2019","Alger","17","0","0","0"
"2020","Alger","19","0","0","0"
"2021","Alger","32","0","0","0"
"2022","Alger","29","0","0","0"
"2023","Alger","31","0","0","0"
"2024","Alger","33","0","0","0"
"2025","Alger","32","0","0","0"
"2010","Allegan","148","4","0","0"
"2011","Allegan","125","0","0","20"
"2012","Allegan","205","0","0","0"
"2013","Allegan","305","4","0","0"
"2014","Allegan","348","0","0","0"
"2015","Allegan","361","0","0","8"
"2016","Allegan","331","18","0","0"
"2017","Allegan","383","8","0","0"
"2018","Allegan","434","2","0","0"
"2019","Allegan","378","10","3","0"
"2020","Allegan","335","34","13","0"
"2021","Allegan","297","22","9","0"
"2022","Allegan","385","0","0","0"
"2023","Allegan","371","10","0","0"
"2024","Allegan","423","0","0","0"
"2025","Allegan","397","2","0","0"
"2010","Alpena","11","0","0","0"
"2011","Alpena","11","0","0","0"
"2012","Alpena","20","2","0","0"
"2013","Alpena","18","4","0","0"
"2014","Alpena","18","2","3","0"
"2015","Alpena","22","0","0","0"
"2016","Alpena","24","2","0","6"
"2017","Alpena","23","0","0","0"
"2018","Alpena","24","0","0","0"
"2019","Alpena","21","0","0","5"
"2020","Alpena","22","0","0","6"
"2021","Alpena","28","2","0","0"
"2022","Alpena","34","0","0","0"
"2023","Alpena","43","6","0","0"
"2024","Alpena","35","2","0","0"
"2025","Alpena","38","0","0","34"
"2010","Antrim","42","0","0","0"
"2011","Antrim","42","0","0","0"
"2012","Antrim","51","0","0","0"
"2013","Antrim","62","0","0","0"
"2014","Antrim","45","0","0","0"
"2015","Antrim","44","0","0","0"
"2016","Antrim","49","0","0","0"
"2017","Antrim","53","0","0","0"
"2018","Antrim","100","2","0","0"
"2019","Antrim","84","0","0","0"
"2020","Antrim","78","4","0","0"
"2021","Antrim","99","0","0","0"
"2022","Antrim","96","0","0","0"
"2023","Antrim","94","0","0","0"
"2024","Antrim","101","0","0","0"
"2025","Antrim","105","0","0","0"
"2010","Arenac","10","0","0","0"
"2011","Arenac","7","0","0","0"
"2012","Arenac","17","0","0","0"
"2013","Arenac","17","2","0","0"
"2014","Arenac","12","0","0","0"
"2015","Arenac","18","0","0","0"
"2016","Arenac","3","0","0","0"
"2017","Arenac","5","0","0","0"
"2018","Arenac","10","0","0","0"
"2019","Arenac","8","0","0","0"
"2020","Arenac","12","0","0","0"
"2021","Arenac","21","0","0","0"
"2022","Arenac","13","0","0","0"
"2023","Arenac","15","0","0","0"
"2024","Arenac","24","0","4","0"
"2025","Arenac","35","0","0","8"
"2010","Baraga","6","0","0","0"
"2011","Baraga","8","0","0","0"
"2012","Baraga","13","0","0","0"
"2013","Baraga","11","0","0","0"
"2014","Baraga","15","0","0","0"
"2015","Baraga","15","0","0","0"
"2016","Baraga","7","0","0","0"
"2017","Baraga","5","0","0","0"
"2018","Baraga","8","0","0","0"
"2019","Baraga","7","0","0","0"
"2020","Baraga","14","0","0","0"
"2021","Baraga","8","0","0","0"
"2022","Baraga","14","0","0","0"
"2023","Baraga","16","0","0","0"
"2024","Baraga","11","2","0","0"
"2025","Baraga","12","0","0","0"
"2010","Barry","84","0","0","0"
"2011","Barry","71","0","0","0"
"2012","Barry","86","0","0","0"
"2013","Barry","85","0","0","0"
"2014","Barry","86","0","0","0"
"2015","Barry","153","20","0","0"
"2016","Barry","149","22","0","0"
"2017","Barry","217","0","0","0"
"2018","Barry","216","0","0","0"
"2019","Barry","212","0","0","0"
"2020","Barry","188","0","0","0"
"2021","Barry","233","0","0","0"
"2022","Barry","195","0","0","0"
"2023","Barry","151","0","0","0"
"2024","Barry","171","0","0","0"
"2025","Barry","157","0","0","0"
"2010","Bay","54","0","0","0"
"2011","Bay","67","0","0","24"
"2012","Bay","47","0","12","36"
"2013","Bay","42","0","0","19"
"2014","Bay","37","0","0","25"
"2015","Bay","49","0","0","98"
"2016","Bay","63","0","0","8"
"2017","Bay","62","0","8","0"
"2018","Bay","85","0","0","0"
"2019","Bay","83","0","0","0"
"2020","Bay","79","0","0","56"
"2021","Bay","74","0","0","0"
"2022","Bay","67","0","0","0"
"2023","Bay","38","0","0","0"
"2024","Bay","35","0","0","0"
"2025","Bay","38","4","0","25"
"2010","Benzie","58","0","0","0"
"2011","Benzie","35","0","3","0"
"2012","Benzie","54","0","0","0"
"2013","Benzie","53","0","0","0"
"2014","Benzie","41","0","0","0"
"2015","Benzie","58","0","0","0"
"2016","Benzie","76","0","0","0"
"2017","Benzie","77","0","0","0"
"2018","Benzie","72","0","0","0"
"2019","Benzie","71","0","0","0"
"2020","Benzie","88","0","0","0"
"2021","Benzie","107","0","0","0"
"2022","Benzie","145","0","0","0"
"2023","Benzie","131","0","0","0"
"2024","Benzie","110","0","0","0"
"2025","Benzie","136","0","0","0"
"2010","Charlevoix","51","0","0","6"
"2011","Charlevoix","43","4","0","42"
"2012","Charlevoix","62","2","0","0"
"2013","Charlevoix","60","4","0","0"
"2014","Charlevoix","61","6","0","0"
"2015","Charlevoix","22","10","0","0"
"2016","Charlevoix","66","0","0","0"
"2017","Charlevoix","102","0","0","0"
"2018","Charlevoix","105","10","3","0"
"2019","Charlevoix","100","4","0","0"
"2020","Charlevoix","92","14","0","0"
"2021","Charlevoix","99","18","0","0"
"2022","Charlevoix","96","22","0","0"
"2023","Charlevoix","101","4","0","0"
"2024","Charlevoix","107","6","0","0"
"2025","Charlevoix","111","0","0","0"
"2010","Cheboygan","39","0","0","0"
"2011","Cheboygan","42","0","0","0"
"2012","Cheboygan","35","0","0","0"
"2013","Cheboygan","50","0","0","0"
"2014","Cheboygan","54","0","0","0"
"2015","Cheboygan","61","0","0","0"
"2016","Cheboygan","62","0","0","0"
"2017","Cheboygan","99","0","0","0"
"2018","Cheboygan","55","0","0","0"
"2019","Cheboygan","46","0","0","0"
"2020","Cheboygan","67","0","0","0"
"2021","Cheboygan","78","0","0","0"
"2022","Cheboygan","105","0","0","0"
"2023","Cheboygan","73","0","0","0"
"2024","Cheboygan","78","0","0","0"
"2025","Cheboygan","74","0","0","0"
"2010","Chippewa","45","0","0","15"
"2011","Chippewa","43","0","0","0"
"2012","Chippewa","39","0","0","0"
"2013","Chippewa","50","0","0","0"
"2014","Chippewa","38","0","0","0"
"2015","Chippewa","48","0","0","0"
"2016","Chippewa","50","0","0","0"
"2017","Chippewa","38","0","0","0"
"2018","Chippewa","31","0","0","0"
"2019","Chippewa","28","2","0","65"
"2020","Chippewa","39","0","0","0"
"2021","Chippewa","58","0","0","0"
"2022","Chippewa","46","0","0","0"
"2023","Chippewa","46","0","0","38"
"2024","Chippewa","55","0","0","0"
"2025","Chippewa","69","0","0","17"
"2010","Clare","34","0","0","0"
"2011","Clare","35","0","0","0"
"2012","Clare","36","0","0","0"
"2013","Clare","18","0","0","0"
"2014","Clare","20","0","0","0"
"2015","Clare","24","0","4","0"
"2016","Clare","23","0","0","0"
"2017","Clare","16","0","0","0"
"2018","Clare","15","0","0","0"
"2019","Clare","59","0","0","0"
"2020","Clare","69","0","0","0"
"2021","Clare","53","0","0","0"
"2022","Clare","58","0","0","0"
"2023","Clare","47","0","0","0"
"2024","Clare","30","0","0","0"
"2025","Clare","23","0","0","0"
"2010","Clinton","81","0","0","10"
"2011","Clinton","99","0","0","5"
"2012","Clinton","108","0","0","5"
"2013","Clinton","131","0","0","5"
"2014","Clinton","121","2","0","222"
"2015","Clinton","158","2","6","48"
"2016","Clinton","124","8","0","70"
"2017","Clinton","138","2","0","82"
"2018","Clinton","135","4","4","92"
"2019","Clinton","182","6","8","115"
"2020","Clinton","196","46","31","68"
"2021","Clinton","188","0","0","0"
"2022","Clinton","123","8","0","0"
"2023","Clinton","121","26","0","0"
"2024","Clinton","138","16","0","0"
"2025","Clinton","189","4","4","0"
"2010","Crawford","38","0","0","0"
"2011","Crawford","40","0","0","0"
"2012","Crawford","22","0","0","0"
"2013","Crawford","26","0","0","0"
"2014","Crawford","18","0","0","0"
"2015","Crawford","17","0","0","0"
"2016","Crawford","15","0","0","0"
"2017","Crawford","19","0","0","0"
"2018","Crawford","24","0","0","0"
"2019","Crawford","24","0","0","0"
"2020","Crawford","37","0","0","0"
"2021","Crawford","40","0","0","0"
"2022","Crawford","25","0","4","146"
"2023","Crawford","33","0","0","0"
"2024","Crawford","43","0","0","32"
"2025","Crawford","27","0","0","0"
"2010","Delta","58","2","0","0"
"2011","Delta","43","0","0","0"
"2012","Delta","32","0","0","0"
"2013","Delta","60","0","0","0"
"2014","Delta","47","0","0","0"
"2015","Delta","52","0","0","0"
"2016","Delta","36","0","0","0"
"2017","Delta","32","0","0","0"
"2018","Delta","44","0","0","0"
"2019","Delta","33","0","0","0"
"2020","Delta","35","0","0","0"
"2021","Delta","37","0","0","0"
"2022","Delta","37","0","0","0"
"2023","Delta","34","0","0","0"
"2024","Delta","36","2","0","0"
"2025","Delta","58","0","0","0"
"2010","Dickinson","36","0","0","0"
"2011","Dickinson","37","4","0","0"
"2012","Dickinson","30","0","0","0"
"2013","Dickinson","30","2","0","0"
"2014","Dickinson","24","2","0","6"
"2015","Dickinson","29","0","0","0"
"2016","Dickinson","25","2","0","0"
"2017","Dickinson","25","4","8","0"
"2018","Dickinson","25","4","7","0"
"2019","Dickinson","25","2","4","0"
"2020","Dickinson","28","2","4","0"
"2021","Dickinson","32","0","4","0"
"2022","Dickinson","29","0","9","0"
"2023","Dickinson","30","0","15","0"
"2024","Dickinson","33","0","9","0"
"2025","Dickinson","34","0","12","0"
"2010","Eaton","121","0","0","0"
"2011","Eaton","67","0","0","0"
"2012","Eaton","87","0","0","38"
"2013","Eaton","97","0","0","0"
"2014","Eaton","91","0","4","0"
"2015","Eaton","99","0","8","0"
"2016","Eaton","155","0","10","0"
"2017","Eaton","121","6","4","18"
"2018","Eaton","122","0","4","33"
"2019","Eaton","99","0","0","0"
"2020","Eaton","115","0","0","0"
"2021","Eaton","108","0","0","0"
"2022","Eaton","115","0","24","62"
"2023","Eaton","107","0","0","0"
"2024","Eaton","114","4","0","0"
"2025","Eaton","106","0","0","0"
"2010","Emmet","47","0","0","0"
"2011","Emmet","35","0","0","0"
"2012","Emmet","62","0","0","0"
"2013","Emmet","81","0","0","0"
"2014","Emmet","69","0","0","0"
"2015","Emmet","88","0","0","0"
"2016","Emmet","135","0","0","0"
"2017","Emmet","82","0","0","0"
"2018","Emmet","125","0","0","0"
"2019","Emmet","63","0","0","0"
"2020","Emmet","78","6","0","0"
"2021","Emmet","136","2","0","0"
"2022","Emmet","127","4","0","0"
"2023","Emmet","143","8","0","0"
"2024","Emmet","159","2","0","0"
"2025","Emmet","135","0","0","0"
"2010","Genesee","78","0","0","0"
"2011","Genesee","66","0","0","0"
"2012","Genesee","122","0","0","0"
"2013","Genesee","227","0","0","0"
"2014","Genesee","271","2","0","70"
"2015","Genesee","345","18","0","50"
"2016","Genesee","322","4","0","48"
"2017","Genesee","404","10","0","20"
"2018","Genesee","435","8","20","167"
"2019","Genesee","441","8","104","23"
"2020","Genesee","393","0","92","0"
"2021","Genesee","489","10","3","8"
"2022","Genesee","324","8","48","26"
"2023","Genesee","236","12","52","80"
"2024","Genesee","339","10","3","68"
"2025","Genesee","366","14","0","64"
"2010","Gladwin","42","0","0","0"
"2011","Gladwin","31","0","0","0"
"2012","Gladwin","44","0","0","0"
"2013","Gladwin","43","0","0","0"
"2014","Gladwin","41","0","0","0"
"2015","Gladwin","54","0","0","0"
"2016","Gladwin","49","0","0","0"
"2017","Gladwin","0","0","0","0"
"2018","Gladwin","0","0","0","0"
"2019","Gladwin","46","0","0","0"
"2020","Gladwin","78","0","0","0"
"2021","Gladwin","89","0","0","0"
"2022","Gladwin","84","0","0","0"
"2023","Gladwin","83","0","0","0"
"2024","Gladwin","90","0","0","0"
"2025","Gladwin","93","0","0","0"
"2010","Gogebic","18","0","0","0"
"2011","Gogebic","24","0","0","0"
"2012","Gogebic","13","0","0","0"
"2013","Gogebic","15","0","0","0"
"2014","Gogebic","21","2","0","0"
"2015","Gogebic","13","0","0","0"
"2016","Gogebic","20","0","0","0"
"2017","Gogebic","12","0","0","0"
"2018","Gogebic","14","0","0","0"
"2019","Gogebic","22","0","0","0"
"2020","Gogebic","20","0","0","0"
"2021","Gogebic","13","0","0","0"
"2022","Gogebic","22","0","0","0"
"2023","Gogebic","30","0","0","0"
"2024","Gogebic","30","0","0","0"
"2025","Gogebic","23","0","0","0"
"2010","Grand Traverse","168","2","11","0"
"2011","Grand Traverse","207","2","24","0"
"2012","Grand Traverse","252","6","7","8"
"2013","Grand Traverse","356","12","3","22"
"2014","Grand Traverse","330","10","20","24"
"2015","Grand Traverse","362","18","15","52"
"2016","Grand Traverse","434","12","16","144"
"2017","Grand Traverse","449","10","0","115"
"2018","Grand Traverse","385","0","0","276"
"2019","Grand Traverse","346","0","0","192"
"2020","Grand Traverse","343","0","0","124"
"2021","Grand Traverse","373","8","28","144"
"2022","Grand Traverse","376","10","38","287"
"2023","Grand Traverse","282","12","18","307"
"2024","Grand Traverse","353","18","11","501"
"2025","Grand Traverse","453","16","0","6"
"2010","Gratiot","9","0","0","0"
"2011","Gratiot","22","0","0","0"
"2012","Gratiot","17","0","0","0"
"2013","Gratiot","17","0","0","0"
"2014","Gratiot","17","0","0","0"
"2015","Gratiot","23","0","0","0"
"2016","Gratiot","29","0","0","0"
"2017","Gratiot","30","0","0","0"
"2018","Gratiot","29","0","0","0"
"2019","Gratiot","25","0","0","0"
"2020","Gratiot","33","0","0","0"
"2021","Gratiot","35","0","0","8"
"2022","Gratiot","37","0","0","0"
"2023","Gratiot","37","4","0","0"
"2024","Gratiot","37","0","0","0"
"2025","Gratiot","39","0","0","9"
"2010","Hillsdale","46","0","0","0"
"2011","Hillsdale","28","0","0","0"
"2012","Hillsdale","35","0","0","8"
"2013","Hillsdale","38","0","0","0"
"2014","Hillsdale","34","0","0","0"
"2015","Hillsdale","54","0","0","52"
"2016","Hillsdale","55","0","0","57"
"2017","Hillsdale","48","0","0","40"
"2018","Hillsdale","66","0","0","0"
"2019","Hillsdale","73","4","0","0"
"2020","Hillsdale","67","8","0","0"
"2021","Hillsdale","61","8","0","0"
"2022","Hillsdale","56","0","0","0"
"2023","Hillsdale","78","10","0","0"
"2024","Hillsdale","64","8","0","0"
"2025","Hillsdale","92","0","0","7"
"2010","Houghton","57","0","0","0"
"2011","Houghton","32","2","3","5"
"2012","Houghton","56","4","0","0"
"2013","Houghton","53","0","0","0"
"2014","Houghton","32","2","0","0"
"2015","Houghton","44","0","0","0"
"2016","Houghton","44","0","0","0"
"2017","Houghton","68","0","0","125"
"2018","Houghton","54","4","0","0"
"2019","Houghton","47","8","0","0"
"2020","Houghton","43","2","0","8"
"2021","Houghton","163","2","4","0"
"2022","Houghton","107","0","3","0"
"2023","Houghton","99","10","4","5"
"2024","Houghton","103","8","0","0"
"2025","Houghton","119","14","4","33"
"2010","Huron","36","0","0","0"
"2011","Huron","38","0","0","0"
"2012","Huron","38","0","0","0"
"2013","Huron","41","0","0","0"
"2014","Huron","47","0","0","0"
"2015","Huron","47","0","0","0"
"2016","Huron","21","0","0","0"
"2017","Huron","33","0","0","0"
"2018","Huron","37","0","0","0"
"2019","Huron","34","0","0","0"
"2020","Huron","35","0","0","0"
"2021","Huron","37","0","0","0"
"2022","Huron","36","0","0","0"
"2023","Huron","45","0","0","0"
"2024","Huron","64","0","0","0"
"2025","Huron","69","0","0","0"
"2010","Ingham","249","0","0","216"
"2011","Ingham","208","0","0","37"
"2012","Ingham","217","0","0","144"
"2013","Ingham","280","0","0","470"
"2014","Ingham","243","0","0","72"
"2015","Ingham","239","0","4","492"
"2016","Ingham","242","0","4","612"
"2017","Ingham","274","2","16","244"
"2018","Ingham","196","0","0","235"
"2019","Ingham","277","6","0","274"
"2020","Ingham","167","0","0","404"
"2021","Ingham","254","20","10","381"
"2022","Ingham","166","0","0","402"
"2023","Ingham","204","2","16","410"
"2024","Ingham","191","0","0","186"
"2025","Ingham","252","0","20","286"
"2010","Ionia","28","0","0","0"
"2011","Ionia","23","0","0","0"
"2012","Ionia","30","0","0","0"
"2013","Ionia","40","0","0","0"
"2014","Ionia","53","0","0","0"
"2015","Ionia","59","0","0","0"
"2016","Ionia","85","0","0","0"
"2017","Ionia","93","0","0","0"
"2018","Ionia","116","0","0","0"
"2019","Ionia","107","0","0","42"
"2020","Ionia","76","0","0","0"
"2021","Ionia","105","0","0","0"
"2022","Ionia","90","0","0","0"
"2023","Ionia","102","2","0","0"
"2024","Ionia","94","0","0","0"
"2025","Ionia","95","0","0","5"
"2010","Iosco","27","0","0","0"
"2011","Iosco","28","0","0","0"
"2012","Iosco","31","0","0","0"
"2013","Iosco","33","0","4","0"
"2014","Iosco","49","0","0","0"
"2015","Iosco","47","0","0","0"
"2016","Iosco","34","0","0","0"
"2017","Iosco","34","0","0","0"
"2018","Iosco","36","0","0","0"
"2019","Iosco","27","0","0","20"
"2020","Iosco","35","0","0","24"
"2021","Iosco","45","0","0","136"
"2022","Iosco","35","2","0","0"
"2023","Iosco","53","0","0","0"
"2024","Iosco","54","4","0","0"
"2025","Iosco","47","0","0","0"
"2010","Iron","43","0","0","0"
"2011","Iron","35","0","0","0"
"2012","Iron","34","0","0","0"
"2013","Iron","33","0","0","22"
"2014","Iron","20","0","0","0"
"2015","Iron","25","0","0","0"
"2016","Iron","17","0","0","0"
"2017","Iron","14","0","0","0"
"2018","Iron","30","0","0","0"
"2019","Iron","30","0","0","0"
"2020","Iron","138","0","0","0"
"2021","Iron","157","0","0","0"
"2022","Iron","152","0","0","0"
"2023","Iron","148","0","0","0"
"2024","Iron","156","0","0","0"
"2025","Iron","161","0","0","0"
"2010","Isabella","44","0","0","8"
"2011","Isabella","32","10","4","24"
"2012","Isabella","48","0","0","8"
"2013","Isabella","61","10","8","344"
"2014","Isabella","56","6","0","49"
"2015","Isabella","54","8","4","48"
"2016","Isabella","36","4","4","16"
"2017","Isabella","59","0","0","34"
"2018","Isabella","45","0","0","0"
"2019","Isabella","51","6","4","24"
"2020","Isabella","47","2","0","56"
"2021","Isabella","51","6","0","0"
"2022","Isabella","56","4","0","0"
"2023","Isabella","57","8","0","0"
"2024","Isabella","71","4","0","0"
"2025","Isabella","88","2","0","0"
"2010","Jackson","63","0","0","0"
"2011","Jackson","55","2","0","0"
"2012","Jackson","78","0","0","0"
"2013","Jackson","91","0","0","54"
"2014","Jackson","89","0","0","0"
"2015","Jackson","111","2","4","0"
"2016","Jackson","136","0","0","0"
"2017","Jackson","183","0","0","10"
"2018","Jackson","156","0","16","0"
"2019","Jackson","135","2","0","249"
"2020","Jackson","157","2","0","0"
"2021","Jackson","176","0","0","0"
"2022","Jackson","141","0","0","0"
"2023","Jackson","153","2","0","0"
"2024","Jackson","231","0","0","103"
"2025","Jackson","196","8","0","99"
"2010","Kalkaska","22","0","0","0"
"2011","Kalkaska","27","0","0","0"
"2012","Kalkaska","15","0","0","0"
"2013","Kalkaska","24","0","0","0"
"2014","Kalkaska","21","0","0","0"
"2015","Kalkaska","52","0","0","0"
"2016","Kalkaska","40","0","0","0"
"2017","Kalkaska","37","0","0","0"
"2018","Kalkaska","29","0","0","0"
"2019","Kalkaska","33","0","0","0"
"2020","Kalkaska","38","0","0","0"
"2021","Kalkaska","41","0","0","0"
"2022","Kalkaska","39","0","0","0"
"2023","Kalkaska","36","0","0","0"
"2024","Kalkaska","38","0","0","0"
"2025","Kalkaska","38","0","0","0"
"2010","Kent","689","2","3","0"
"2011","Kent","721","0","4","36"
"2012","Kent","939","14","16","158"
"2013","Kent","1137","40","8","114"
"2014","Kent","1281","48","13","369"
"2015","Kent","1282","20","12","524"
"2016","Kent","1258","10","56","1499"
"2017","Kent","1369","14","37","1195"
"2018","Kent","1397","38","67","864"
"2019","Kent","1289","54","119","1112"
"2020","Kent","1191","34","49","418"
"2021","Kent","1398","130","83","280"
"2022","Kent","1200","150","82","953"
"2023","Kent","1162","66","155","604"
"2024","Kent","1141","36","9","904"
"2025","Kent","1242","56","21","1079"
"2010","Keweenaw","9","0","0","0"
"2011","Keweenaw","9","0","0","0"
"2012","Keweenaw","11","0","0","0"
"2013","Keweenaw","11","0","0","0"
"2014","Keweenaw","8","0","0","0"
"2015","Keweenaw","12","0","0","0"
"2016","Keweenaw","8","0","0","0"
"2017","Keweenaw","8","0","0","0"
"2018","Keweenaw","13","0","0","0"
"2019","Keweenaw","11","0","0","0"
"2020","Keweenaw","18","0","0","0"
"2021","Keweenaw","20","0","0","0"
"2022","Keweenaw","22","0","0","0"
"2023","Keweenaw","23","0","0","0"
"2024","Keweenaw","25","0","0","0"
"2025","Keweenaw","6","0","0","0"
"2010","Lake","42","0","0","0"
"2011","Lake","40","0","0","0"
"2012","Lake","45","0","0","0"
"2013","Lake","47","0","0","0"
"2014","Lake","54","0","0","0"
"2015","Lake","57","0","0","0"
"2016","Lake","57","0","0","0"
"2017","Lake","62","0","0","0"
"2018","Lake","0","0","0","0"
"2019","Lake","17","0","0","0"
"2020","Lake","19","0","0","0"
"2021","Lake","22","0","0","0"
"2022","Lake","30","0","0","0"
"2023","Lake","28","0","0","0"
"2024","Lake","30","0","0","0"
"2025","Lake","30","0","0","0"
"2010","Lapeer","22","0","0","0"
"2011","Lapeer","34","0","0","0"
"2012","Lapeer","29","0","0","0"
"2013","Lapeer","92","0","0","0"
"2014","Lapeer","116","0","4","0"
"2015","Lapeer","115","0","4","0"
"2016","Lapeer","139","0","0","0"
"2017","Lapeer","157","0","8","0"
"2018","Lapeer","149","0","0","0"
"2019","Lapeer","156","0","0","0"
"2020","Lapeer","198","0","0","0"
"2021","Lapeer","248","0","0","0"
"2022","Lapeer","198","0","0","0"
"2023","Lapeer","144","0","0","0"
"2024","Lapeer","149","0","0","0"
"2025","Lapeer","171","4","4","0"
"2010","Leelanau","77","4","0","8"
"2011","Leelanau","59","0","0","0"
"2012","Leelanau","70","0","0","0"
"2013","Leelanau","183","0","0","0"
"2014","Leelanau","110","0","3","0"
"2015","Leelanau","116","0","0","0"
"2016","Leelanau","137","0","0","0"
"2017","Leelanau","151","0","0","0"
"2018","Leelanau","189","0","0","0"
"2019","Leelanau","163","0","0","0"
"2020","Leelanau","119","0","0","0"
"2021","Leelanau","186","0","0","0"
"2022","Leelanau","178","0","0","0"
"2023","Leelanau","207","0","0","0"
"2024","Leelanau","201","0","0","0"
"2025","Leelanau","159","0","0","0"
"2010","Lenawee","102","0","0","0"
"2011","Lenawee","94","0","0","0"
"2012","Lenawee","131","0","0","0"
"2013","Lenawee","117","0","0","0"
"2014","Lenawee","92","0","0","0"
"2015","Lenawee","75","6","0","0"
"2016","Lenawee","110","0","0","0"
"2017","Lenawee","105","0","0","0"
"2018","Lenawee","105","0","0","0"
"2019","Lenawee","100","0","0","0"
"2020","Lenawee","141","0","0","0"
"2021","Lenawee","155","0","0","0"
"2022","Lenawee","123","0","0","0"
"2023","Lenawee","128","0","0","0"
"2024","Lenawee","160","0","0","8"
"2025","Lenawee","169","0","4","11"
"2010","Livingston","130","0","0","48"
"2011","Livingston","168","2","4","0"
"2012","Livingston","307","0","8","48"
"2013","Livingston","645","12","0","47"
"2014","Livingston","603","0","30","103"
"2015","Livingston","597","6","7","36"
"2016","Livingston","648","0","12","0"
"2017","Livingston","667","0","3","156"
"2018","Livingston","638","2","39","63"
"2019","Livingston","644","24","16","12"
"2020","Livingston","666","8","3","0"
"2021","Livingston","763","0","7","50"
"2022","Livingston","764","14","0","367"
"2023","Livingston","480","16","0","304"
"2024","Livingston","486","2","0","0"
"2025","Livingston","483","4","20","24"
"2010","Luce","6","0","0","0"
"2011","Luce","13","0","0","0"
"2012","Luce","18","0","0","0"
"2013","Luce","4","0","0","0"
"2014","Luce","13","0","0","0"
"2015","Luce","3","0","0","0"
"2016","Luce","6","0","0","0"
"2017","Luce","7","0","0","0"
"2018","Luce","3","0","0","0"
"2019","Luce","5","0","0","0"
"2020","Luce","3","0","0","0"
"2021","Luce","2","0","0","0"
"2022","Luce","6","0","0","0"
"2023","Luce","9","0","0","0"
"2024","Luce","9","0","0","0"
"2025","Luce","0","0","0","0"
"2010","Mackinac","24","2","0","0"
"2011","Mackinac","26","2","0","0"
"2012","Mackinac","22","0","0","0"
"2013","Mackinac","29","0","0","0"
"2014","Mackinac","27","0","0","0"
"2015","Mackinac","21","0","0","0"
"2016","Mackinac","42","0","0","0"
"2017","Mackinac","115","16","3","0"
"2018","Mackinac","19","0","0","0"
"2019","Mackinac","41","0","0","0"
"2020","Mackinac","25","0","0","0"
"2021","Mackinac","47","0","0","0"
"2022","Mackinac","36","0","3","0"
"2023","Mackinac","41","0","0","0"
"2024","Mackinac","42","0","0","0"
"2025","Mackinac","45","0","0","0"
"2010","Macomb","795","2","0","194"
"2011","Macomb","852","10","8","240"
"2012","Macomb","1141","2","31","123"
"2013","Macomb","1499","24","12","200"
"2014","Macomb","1180","34","39","597"
"2015","Macomb","1367","22","11","586"
"2016","Macomb","1547","58","15","127"
"2017","Macomb","1877","36","4","626"
"2018","Macomb","1518","38","15","400"
"2019","Macomb","1346","28","59","678"
"2020","Macomb","1273","56","12","272"
"2021","Macomb","1258","68","11","390"
"2022","Macomb","1073","12","95","290"
"2023","Macomb","958","16","86","203"
"2024","Macomb","1080","36","120","81"
"2025","Macomb","1046","4","32","849"
"2010","Manistee","10","0","0","0"
"2011","Manistee","7","0","0","0"
"2012","Manistee","2","0","0","0"
"2013","Manistee","4","0","0","8"
"2014","Manistee","47","0","0","0"
"2015","Manistee","8","0","0","0"
"2016","Manistee","11","0","0","32"
"2017","Manistee","8","0","0","0"
"2018","Manistee","11","0","0","0"
"2019","Manistee","12","0","0","0"
"2020","Manistee","96","0","0","0"
"2021","Manistee","108","0","0","0"
"2022","Manistee","97","0","0","0"
"2023","Manistee","99","0","0","0"
"2024","Manistee","104","0","0","144"
"2025","Manistee","132","0","0","0"
"2010","Marquette","84","4","0","38"
"2011","Marquette","91","0","0","5"
"2012","Marquette","107","4","8","61"
"2013","Marquette","95","8","0","0"
"2014","Marquette","92","4","3","43"
"2015","Marquette","82","6","0","9"
"2016","Marquette","93","2","0","0"
"2017","Marquette","72","6","0","41"
"2018","Marquette","75","0","0","0"
"2019","Marquette","65","10","0","0"
"2020","Marquette","75","10","0","0"
"2021","Marquette","103","8","0","0"
"2022","Marquette","91","4","0","0"
"2023","Marquette","89","4","0","0"
"2024","Marquette","89","2","0","0"
"2025","Marquette","96","10","0","0"
"2010","Mason","37","2","0","0"
"2011","Mason","36","6","0","0"
"2012","Mason","42","0","4","0"
"2013","Mason","43","0","0","5"
"2014","Mason","42","4","0","0"
"2015","Mason","44","0","0","5"
"2016","Mason","50","0","0","0"
"2017","Mason","76","0","0","92"
"2018","Mason","74","0","0","0"
"2019","Mason","65","0","0","5"
"2020","Mason","72","0","0","16"
"2021","Mason","83","0","0","18"
"2022","Mason","68","0","0","0"
"2023","Mason","80","0","0","0"
"2024","Mason","80","0","0","97"
"2025","Mason","66","0","0","0"
"2010","Mecosta","35","0","0","0"
"2011","Mecosta","32","0","0","0"
"2012","Mecosta","45","0","0","0"
"2013","Mecosta","41","0","0","64"
"2014","Mecosta","39","0","0","40"
"2015","Mecosta","37","0","0","0"
"2016","Mecosta","58","66","0","0"
"2017","Mecosta","67","2","4","0"
"2018","Mecosta","99","26","0","120"
"2019","Mecosta","58","2","0","0"
"2020","Mecosta","82","0","0","0"
"2021","Mecosta","79","0","0","0"
"2022","Mecosta","127","0","0","0"
"2023","Mecosta","118","0","0","0"
"2024","Mecosta","116","0","0","0"
"2025","Mecosta","99","0","0","0"
"2010","Menominee","29","0","0","0"
"2011","Menominee","21","0","0","0"
"2012","Menominee","23","0","0","0"
"2013","Menominee","21","0","0","0"
"2014","Menominee","33","0","0","14"
"2015","Menominee","35","0","0","0"
"2016","Menominee","34","0","0","0"
"2017","Menominee","37","0","0","0"
"2018","Menominee","30","0","0","0"
"2019","Menominee","30","0","0","0"
"2020","Menominee","27","0","0","0"
"2021","Menominee","28","0","0","0"
"2022","Menominee","27","0","0","0"
"2023","Menominee","24","0","0","0"
"2024","Menominee","26","0","0","0"
"2025","Menominee","28","0","0","0"
"2010","Midland","113","10","0","0"
"2011","Midland","131","14","0","0"
"2012","Midland","194","2","0","0"
"2013","Midland","138","62","0","0"
"2014","Midland","107","18","0","137"
"2015","Midland","108","22","0","0"
"2016","Midland","109","92","0","0"
"2017","Midland","118","24","0","0"
"2018","Midland","84","4","0","0"
"2019","Midland","108","6","0","0"
"2020","Midland","123","0","0","0"
"2021","Midland","141","18","0","0"
"2022","Midland","108","22","0","0"
"2023","Midland","102","4","0","50"
"2024","Midland","104","6","0","204"
"2025","Midland","114","14","0","0"
"2010","Missaukee","16","0","3","0"
"2011","Missaukee","14","0","0","0"
"2012","Missaukee","16","0","0","0"
"2013","Missaukee","18","0","0","0"
"2014","Missaukee","19","0","0","0"
"2015","Missaukee","20","0","0","0"
"2016","Missaukee","20","0","0","0"
"2017","Missaukee","22","0","0","0"
"2018","Missaukee","21","0","0","0"
"2019","Missaukee","21","0","0","0"
"2020","Missaukee","23","0","0","0"
"2021","Missaukee","26","0","0","0"
"2022","Missaukee","25","0","0","0"
"2023","Missaukee","35","0","0","0"
"2024","Missaukee","35","0","0","0"
"2025","Missaukee","35","0","0","0"
"2010","Monroe","113","0","4","0"
"2011","Monroe","110","0","0","0"
"2012","Monroe","136","0","0","0"
"2013","Monroe","200","0","0","0"
"2014","Monroe","239","0","0","0"
"2015","Monroe","243","4","0","44"
"2016","Monroe","269","12","8","222"
"2017","Monroe","298","8","0","144"
"2018","Monroe","265","2","4","221"
"2019","Monroe","303","0","4","16"
"2020","Monroe","283","0","0","84"
"2021","Monroe","221","0","8","36"
"2022","Monroe","203","0","4","59"
"2023","Monroe","180","10","16","52"
"2024","Monroe","219","12","0","6"
"2025","Monroe","177","10","4","0"
"2010","Montcalm","59","0","0","0"
"2011","Montcalm","42","0","4","0"
"2012","Montcalm","49","2","0","0"
"2013","Montcalm","53","0","0","0"
"2014","Montcalm","63","4","0","0"
"2015","Montcalm","89","0","0","0"
"2016","Montcalm","84","6","0","0"
"2017","Montcalm","132","0","0","0"
"2018","Montcalm","123","0","0","0"
"2019","Montcalm","56","0","0","0"
"2020","Montcalm","32","0","0","0"
"2021","Montcalm","149","0","0","0"
"2022","Montcalm","155","0","0","0"
"2023","Montcalm","179","0","0","0"
"2024","Montcalm","230","32","4","5"
"2025","Montcalm","196","0","0","5"
"2010","Montmorency","20","0","0","0"
"2011","Montmorency","7","0","0","0"
"2012","Montmorency","12","0","0","0"
"2013","Montmorency","12","0","0","0"
"2014","Montmorency","0","0","0","0"
"2015","Montmorency","0","0","0","0"
"2016","Montmorency","0","0","0","0"
"2017","Montmorency","0","0","0","0"
"2018","Montmorency","19","0","0","0"
"2019","Montmorency","0","0","0","0"
"2020","Montmorency","0","0","0","0"
"2021","Montmorency","0","0","0","0"
"2022","Montmorency","0","0","0","0"
"2023","Montmorency","0","0","0","0"
"2024","Montmorency","0","0","0","0"
"2025","Montmorency","0","0","0","0"
"2010","Muskegon","84","6","0","16"
"2011","Muskegon","93","2","0","0"
"2012","Muskegon","136","2","0","0"
"2013","Muskegon","168","16","0","0"
"2014","Muskegon","172","6","3","0"
"2015","Muskegon","241","0","0","0"
"2016","Muskegon","233","0","0","0"
"2017","Muskegon","257","0","0","0"
"2018","Muskegon","221","0","0","12"
"2019","Muskegon","339","0","0","0"
"2020","Muskegon","266","2","0","0"
"2021","Muskegon","302","26","0","0"
"2022","Muskegon","321","10","0","217"
"2023","Muskegon","308","4","0","0"
"2024","Muskegon","308","0","0","115"
"2025","Muskegon","351","0","100","0"
"2010","Newaygo","37","0","0","0"
"2011","Newaygo","45","0","0","0"
"2012","Newaygo","43","0","0","0"
"2013","Newaygo","57","0","0","0"
"2014","Newaygo","46","0","0","0"
"2015","Newaygo","73","0","0","42"
"2016","Newaygo","79","0","0","0"
"2017","Newaygo","93","0","0","0"
"2018","Newaygo","100","0","0","0"
"2019","Newaygo","130","0","0","0"
"2020","Newaygo","115","2","0","0"
"2021","Newaygo","156","0","0","0"
"2022","Newaygo","150","0","0","0"
"2023","Newaygo","144","2","0","0"
"2024","Newaygo","146","6","0","0"
"2025","Newaygo","109","2","0","0"
"2010","Oakland","959","4","26","241"
"2011","Oakland","1266","0","11","0"
"2012","Oakland","1880","6","15","0"
"2013","Oakland","2296","14","60","335"
"2014","Oakland","2114","16","49","279"
"2015","Oakland","2180","58","44","363"
"2016","Oakland","2143","60","49","944"
"2017","Oakland","2744","4","105","854"
"2018","Oakland","2482","16","71","73"
"2019","Oakland","1976","0","83","783"
"2020","Oakland","1935","14","111","415"
"2021","Oakland","2042","20","124","978"
"2022","Oakland","1797","14","98","420"
"2023","Oakland","1764","8","26","530"
"2024","Oakland","1870","8","47","961"
"2025","Oakland","1730","0","57","236"
"2010","Oceana","0","0","0","32"
"2011","Oceana","3","2","3","10"
"2012","Oceana","7","0","0","25"
"2013","Oceana","4","0","0","0"
"2014","Oceana","4","0","0","0"
"2015","Oceana","13","0","0","0"
"2016","Oceana","2","0","0","0"
"2017","Oceana","7","0","0","0"
"2018","Oceana","76","0","0","24"
"2019","Oceana","17","10","0","0"
"2020","Oceana","84","10","0","0"
"2021","Oceana","12","0","0","15"
"2022","Oceana","99","2","0","0"
"2023","Oceana","143","2","0","0"
"2024","Oceana","147","0","0","0"
"2025","Oceana","134","2","0","0"
"2010","Ogemaw","29","0","0","0"
"2011","Ogemaw","26","0","0","0"
"2012","Ogemaw","26","0","0","0"
"2013","Ogemaw","60","0","0","0"
"2014","Ogemaw","34","0","0","0"
"2015","Ogemaw","23","0","0","0"
"2016","Ogemaw","23","0","0","0"
"2017","Ogemaw","30","0","0","0"
"2018","Ogemaw","10","0","0","0"
"2019","Ogemaw","21","0","0","0"
"2020","Ogemaw","18","2","0","0"
"2021","Ogemaw","45","0","0","0"
"2022","Ogemaw","41","0","0","0"
"2023","Ogemaw","55","0","0","0"
"2024","Ogemaw","56","0","0","0"
"2025","Ogemaw","60","2","0","0"
"2010","Ontonagon","9","0","0","0"
"2011","Ontonagon","6","0","0","0"
"2012","Ontonagon","8","0","0","0"
"2013","Ontonagon","8","0","0","0"
"2014","Ontonagon","7","0","0","0"
"2015","Ontonagon","12","0","0","0"
"2016","Ontonagon","9","0","0","0"
"2017","Ontonagon","12","0","0","0"
"2018","Ontonagon","4","0","0","0"
"2019","Ontonagon","19","0","0","0"
"2020","Ontonagon","7","0","0","0"
"2021","Ontonagon","9","0","0","0"
"2022","Ontonagon","9","0","0","0"
"2023","Ontonagon","11","0","0","0"
"2024","Ontonagon","16","0","0","0"
"2025","Ontonagon","4","6","0","0"
"2010","Osceola","19","0","0","0"
"2011","Osceola","18","0","0","0"
"2012","Osceola","13","0","0","0"
"2013","Osceola","25","0","0","0"
"2014","Osceola","23","0","0","0"
"2015","Osceola","27","0","0","0"
"2016","Osceola","21","0","0","0"
"2017","Osceola","27","0","0","0"
"2018","Osceola","20","0","0","0"
"2019","Osceola","39","0","0","0"
"2020","Osceola","43","0","0","0"
"2021","Osceola","47","0","0","0"
"2022","Osceola","39","0","0","0"
"2023","Osceola","9","0","0","0"
"2024","Osceola","5","0","0","0"
"2025","Osceola","0","0","0","0"
"2010","Oscoda","15","0","0","0"
"2011","Oscoda","14","0","0","0"
"2012","Oscoda","18","0","0","0"
"2013","Oscoda","18","0","0","0"
"2014","Oscoda","13","0","0","0"
"2015","Oscoda","14","0","0","0"
"2016","Oscoda","19","0","0","0"
"2017","Oscoda","21","0","0","0"
"2018","Oscoda","20","0","0","0"
"2019","Oscoda","20","0","0","0"
"2020","Oscoda","13","0","0","0"
"2021","Oscoda","17","0","0","0"
"2022","Oscoda","25","0","0","0"
"2023","Oscoda","19","0","0","0"
"2024","Oscoda","29","0","0","0"
"2025","Oscoda","24","0","0","0"
"2010","Otsego","17","0","0","0"
"2011","Otsego","28","0","0","50"
"2012","Otsego","24","0","0","42"
"2013","Otsego","15","0","0","0"
"2014","Otsego","17","0","0","0"
"2015","Otsego","17","0","0","0"
"2016","Otsego","16","0","0","0"
"2017","Otsego","18","0","0","0"
"2018","Otsego","17","0","0","0"
"2019","Otsego","19","0","0","0"
"2020","Otsego","21","0","0","0"
"2021","Otsego","23","0","0","0"
"2022","Otsego","23","0","0","0"
"2023","Otsego","23","0","0","0"
"2024","Otsego","24","0","0","0"
"2025","Otsego","25","0","0","0"
"2010","Ottawa","395","8","0","31"
"2011","Ottawa","471","6","0","134"
"2012","Ottawa","622","6","0","143"
"2013","Ottawa","809","2","0","55"
"2014","Ottawa","843","10","0","454"
"2015","Ottawa","971","16","3","582"
"2016","Ottawa","1158","6","19","450"
"2017","Ottawa","1235","4","7","629"
"2018","Ottawa","1013","50","47","39"
"2019","Ottawa","1079","8","6","283"
"2020","Ottawa","1211","12","9","404"
"2021","Ottawa","1159","4","3","394"
"2022","Ottawa","1043","26","11","488"
"2023","Ottawa","962","18","6","347"
"2024","Ottawa","779","2","11","443"
"2025","Ottawa","868","6","55","482"
"2010","Presque Isle","20","0","0","0"
"2011","Presque Isle","17","0","0","0"
"2012","Presque Isle","22","0","0","0"
"2013","Presque Isle","16","0","0","0"
"2014","Presque Isle","18","0","0","0"
"2015","Presque Isle","1","0","0","0"
"2016","Presque Isle","1","0","0","0"
"2017","Presque Isle","26","0","0","0"
"2018","Presque Isle","38","0","0","0"
"2019","Presque Isle","36","0","0","0"
"2020","Presque Isle","35","0","0","0"
"2021","Presque Isle","47","0","0","0"
"2022","Presque Isle","41","0","0","0"
"2023","Presque Isle","43","0","0","0"
"2024","Presque Isle","46","0","0","0"
"2025","Presque Isle","50","0","0","0"
"2010","Roscommon","28","0","0","0"
"2011","Roscommon","30","0","0","0"
"2012","Roscommon","41","0","0","0"
"2013","Roscommon","42","0","0","0"
"2014","Roscommon","50","0","0","0"
"2015","Roscommon","18","0","0","0"
"2016","Roscommon","35","0","0","0"
"2017","Roscommon","31","0","0","0"
"2018","Roscommon","43","0","0","0"
"2019","Roscommon","21","0","0","0"
"2020","Roscommon","62","0","0","0"
"2021","Roscommon","64","0","0","0"
"2022","Roscommon","54","0","0","0"
"2023","Roscommon","70","0","0","0"
"2024","Roscommon","54","2","0","0"
"2025","Roscommon","75","0","0","0"
"2010","Saginaw","113","4","4","16"
"2011","Saginaw","91","0","0","86"
"2012","Saginaw","109","50","12","41"
"2013","Saginaw","128","32","0","51"
"2014","Saginaw","104","40","10","60"
"2015","Saginaw","156","62","3","161"
"2016","Saginaw","149","50","3","79"
"2017","Saginaw","182","46","15","92"
"2018","Saginaw","179","56","24","74"
"2019","Saginaw","139","4","28","77"
"2020","Saginaw","148","6","0","91"
"2021","Saginaw","180","4","11","0"
"2022","Saginaw","143","12","0","20"
"2023","Saginaw","138","40","12","0"
"2024","Saginaw","121","12","8","0"
"2025","Saginaw","141","20","8","41"
"2010","Sanilac","23","0","0","0"
"2011","Sanilac","30","0","0","0"
"2012","Sanilac","16","0","0","0"
"2013","Sanilac","33","0","0","0"
"2014","Sanilac","39","0","0","0"
"2015","Sanilac","38","0","0","0"
"2016","Sanilac","39","0","0","0"
"2017","Sanilac","51","0","0","0"
"2018","Sanilac","42","0","0","0"
"2019","Sanilac","33","0","0","0"
"2020","Sanilac","37","0","0","0"
"2021","Sanilac","60","0","0","0"
"2022","Sanilac","81","0","0","0"
"2023","Sanilac","60","0","0","7"
"2024","Sanilac","63","0","0","0"
"2025","Sanilac","74","0","0","0"
"2010","Schoolcraft","19","0","0","0"
"2011","Schoolcraft","19","0","0","0"
"2012","Schoolcraft","24","0","0","0"
"2013","Schoolcraft","18","0","0","0"
"2014","Schoolcraft","10","0","0","0"
"2015","Schoolcraft","16","0","0","0"
"2016","Schoolcraft","9","0","0","0"
"2017","Schoolcraft","6","0","0","0"
"2018","Schoolcraft","13","0","0","0"
"2019","Schoolcraft","12","0","0","0"
"2020","Schoolcraft","13","0","0","0"
"2021","Schoolcraft","15","0","0","0"
"2022","Schoolcraft","13","0","0","0"
"2023","Schoolcraft","12","0","0","0"
"2024","Schoolcraft","14","0","0","0"
"2025","Schoolcraft","12","0","0","0"
"2010","Shiawassee","29","0","0","0"
"2011","Shiawassee","26","0","0","0"
"2012","Shiawassee","19","0","0","0"
"2013","Shiawassee","23","0","0","0"
"2014","Shiawassee","18","0","0","0"
"2015","Shiawassee","27","0","0","0"
"2016","Shiawassee","40","0","0","0"
"2017","Shiawassee","46","0","0","0"
"2018","Shiawassee","65","4","0","0"
"2019","Shiawassee","55","4","0","0"
"2020","Shiawassee","71","2","0","0"
"2021","Shiawassee","55","0","0","0"
"2022","Shiawassee","71","2","0","0"
"2023","Shiawassee","61","2","0","0"
"2024","Shiawassee","65","2","0","0"
"2025","Shiawassee","55","0","0","16"
"2010","St. Clair","54","0","0","0"
"2011","St. Clair","66","0","0","0"
"2012","St. Clair","78","0","0","0"
"2013","St. Clair","91","0","0","0"
"2014","St. Clair","113","0","0","17"
"2015","St. Clair","134","0","0","0"
"2016","St. Clair","188","0","0","0"
"2017","St. Clair","223","0","0","96"
"2018","St. Clair","262","0","0","0"
"2019","St. Clair","224","0","0","114"
"2020","St. Clair","206","0","0","0"
"2021","St. Clair","255","0","0","144"
"2022","St. Clair","172","0","8","242"
"2023","St. Clair","239","2","9","45"
"2024","St. Clair","235","0","0","0"
"2025","St. Clair","219","0","0","0"
"2010","Tuscola","29","0","0","0"
"2011","Tuscola","18","0","0","0"
"2012","Tuscola","17","0","0","0"
"2013","Tuscola","32","0","0","0"
"2014","Tuscola","23","0","0","0"
"2015","Tuscola","45","2","0","0"
"2016","Tuscola","38","0","0","0"
"2017","Tuscola","36","0","0","0"
"2018","Tuscola","35","0","0","0"
"2019","Tuscola","34","0","0","0"
"2020","Tuscola","43","0","0","0"
"2021","Tuscola","34","0","0","0"
"2022","Tuscola","59","0","0","0"
"2023","Tuscola","51","0","0","0"
"2024","Tuscola","55","0","0","0"
"2025","Tuscola","61","0","0","0"
"2010","Washtenaw","317","0","6","45"
"2011","Washtenaw","200","4","0","273"
"2012","Washtenaw","262","2","0","12"
"2013","Washtenaw","394","0","8","356"
"2014","Washtenaw","385","2","0","183"
"2015","Washtenaw","390","0","0","30"
"2016","Washtenaw","438","0","0","0"
"2017","Washtenaw","583","12","40","22"
"2018","Washtenaw","652","10","27","116"
"2019","Washtenaw","608","0","84","123"
"2020","Washtenaw","711","136","21","197"
"2021","Washtenaw","795","26","80","15"
"2022","Washtenaw","603","6","14","33"
"2023","Washtenaw","485","28","4","1080"
"2024","Washtenaw","557","4","72","560"
"2025","Washtenaw","532","6","16","534"
"2010","Wayne","470","32","135","98"
"2011","Wayne","476","16","68","145"
"2012","Wayne","672","4","16","165"
"2013","Wayne","819","82","61","63"
"2014","Wayne","704","10","78","209"
"2015","Wayne","799","6","83","886"
"2016","Wayne","1046","64","44","575"
"2017","Wayne","1170","8","164","1187"
"2018","Wayne","1082","4","46","265"
"2019","Wayne","847","4","28","791"
"2020","Wayne","915","20","16","1045"
"2021","Wayne","1100","12","29","1099"
"2022","Wayne","694","26","104","1557"
"2023","Wayne","956","178","52","718"
"2024","Wayne","1058","268","76","1227"
"2025","Wayne","1210","446","152","2114"
"2010","Wexford","39","0","0","0"
"2011","Wexford","27","0","0","8"
"2012","Wexford","20","0","0","9"
"2013","Wexford","17","0","0","11"
"2014","Wexford","31","0","0","14"
"2015","Wexford","33","0","0","18"
"2016","Wexford","26","0","0","20"
"2017","Wexford","0","0","0","23"
"2018","Wexford","56","0","0","18"
"2019","Wexford","39","0","0","19"
"2020","Wexford","29","0","0","22"
"2021","Wexford","56","0","0","25"
"2022","Wexford","55","0","0","40"
"2023","Wexford","83","0","0","35"
"2024","Wexford","59","0","0","50"
"2025","Wexford","72","0","0","119"
