"","date","Michigan","United_States"
"1",2006-01-01,NA,NA
"2",2006-02-01,NA,NA
"3",2006-03-01,NA,NA
"4",2006-04-01,NA,NA
"5",2006-05-01,NA,NA
"6",2006-06-01,NA,NA
"7",2006-07-01,NA,NA
"8",2006-08-01,NA,NA
"9",2006-09-01,NA,NA
"10",2006-10-01,NA,NA
"11",2006-11-01,NA,NA
"12",2006-12-01,NA,NA
"13",2007-01-01,-4.51,-3.27542
"14",2007-02-01,0.33,-3.19026
"15",2007-03-01,4.62,-1.3384
"16",2007-04-01,0.88,-4.63457
"17",2007-05-01,-2.07,-1.63488
"18",2007-06-01,-3.32,0.93281
"19",2007-07-01,0.21,-0.18835
"20",2007-08-01,4.44,0.72812
"21",2007-09-01,3.34,5.12145
"22",2007-10-01,6.9,12.76678
"23",2007-11-01,13.83,8.05736
"24",2007-12-01,-3.17,-2.22542
"25",2008-01-01,14.12,1.44353
"26",2008-02-01,-6.88,-2.1313
"27",2008-03-01,-0.66,-0.5546
"28",2008-04-01,1.59,2.28113
"29",2008-05-01,3.01,-2.38046
"30",2008-06-01,5.08,-4.76167
"31",2008-07-01,-4.78,-6.56751
"32",2008-08-01,0.98,0.99867
"33",2008-09-01,-2.4,-6.54936
"34",2008-10-01,-6.91,-12.35867
"35",2008-11-01,0.59,-8.45287
"36",2008-12-01,-16.26,-13.04953
"37",2009-01-01,13.45,-8.69737
"38",2009-02-01,-3.03,-9.06507
"39",2009-03-01,-2.19,-7.54957
"40",2009-04-01,-10.42,-8.97831
"41",2009-05-01,-10.68,-7.0671
"42",2009-06-01,-7.2,-3.63112
"43",2009-07-01,1.57,0.63331
"44",2009-08-01,-11.07,-8.99862
"45",2009-09-01,-3.97,-3.23361
"46",2009-10-01,-3.68,0.13462
"47",2009-11-01,0.6,0.64539
"48",2009-12-01,0.73,3.21445
"49",2010-01-01,-1.36,1.964
"50",2010-02-01,9.15,3.36619
"51",2010-03-01,0.08,2.3692
"52",2010-04-01,5.65,3.89327
"53",2010-05-01,4.91,4.33686
"54",2010-06-01,6.02,1.31579
"55",2010-07-01,0.51,0.98197
"56",2010-08-01,3.91,2.5714
"57",2010-09-01,3.86,2.69379
"58",2010-10-01,5.76,5.06386
"59",2010-11-01,1.09,6.33823
"60",2010-12-01,-0.54,-0.46529
"61",2011-01-01,4.97,11.22604
"62",2011-02-01,3.08,10.72342
"63",2011-03-01,1.16,5.13345
"64",2011-04-01,2.03,3.43137
"65",2011-05-01,-16.53,-12.61754
"66",2011-06-01,3.87,7.73854
"67",2011-07-01,0.94,4.49605
"68",2011-08-01,-2.21,2.69726
"69",2011-09-01,-2.25,-0.56447
"70",2011-10-01,-8.25,-3.90275
"71",2011-11-01,-0.77,-0.94593
"72",2011-12-01,10.35,6.77636
"73",2012-01-01,-24.32,-7.66171
"74",2012-02-01,-4.56,-4.16387
"75",2012-03-01,-0.75,1.9116
"76",2012-04-01,-1.6,1.7205
"77",2012-05-01,21.9,16.78379
"78",2012-06-01,-5.68,-4.5786
"79",2012-07-01,-2.35,-3.76101
"80",2012-08-01,0.83,-2.31401
"81",2012-09-01,-6.39,-0.61443
"82",2012-10-01,1.99,2.24146
"83",2012-11-01,-4.63,-6.22897
"84",2012-12-01,8.31,11.71663
"85",2013-01-01,175.12,17.28865
"86",2013-02-01,0.27,-0.92946
"87",2013-03-01,-2.47,0.52623
"88",2013-04-01,-2.12,-2.17517
"89",2013-05-01,-10.45,-4.73885
"90",2013-06-01,-1.34,2.51817
"91",2013-07-01,4.77,3.24364
"92",2013-08-01,2.42,7.07285
"93",2013-09-01,4.44,1.5142
"94",2013-10-01,-3.42,2.66442
"95",2013-11-01,5.16,7.37183
"96",2013-12-01,-9.81,-11.95189
"97",2014-01-01,-18.6,-4.14063
"98",2014-02-01,2.02,4.22622
"99",2014-03-01,3.55,5.17055
"100",2014-04-01,1.63,5.71053
"101",2014-05-01,8.47,4.55313
"102",2014-06-01,12.31,6.89845
"103",2014-07-01,3.53,2.55232
"104",2014-08-01,-0.65,1.96833
"105",2014-09-01,9,7.6015
"106",2014-10-01,6.39,2.4367
"107",2014-11-01,-3.14,-1.58655
"108",2014-12-01,3.4,4.39737
"109",2015-01-01,120.26,8.24981
"110",2015-02-01,-4.61,4.08458
"111",2015-03-01,4.38,0.39819
"112",2015-04-01,0.23,2.04772
"113",2015-05-01,-5.81,2.88498
"114",2015-06-01,7.73,3.83919
"115",2015-07-01,3.38,6.49618
"116",2015-08-01,0.01,4.71065
"117",2015-09-01,3.5,4.23459
"118",2015-10-01,4.1,8.6935
"119",2015-11-01,-5.59,2.69089
"120",2015-12-01,2.33,6.54275
"121",2016-01-01,-6.08,4.2698
"122",2016-02-01,7.72,5.25414
"123",2016-03-01,2.46,5.01359
"124",2016-04-01,6.65,4.40536
"125",2016-05-01,19.11,10.58963
"126",2016-06-01,-5.9,0.35321
"127",2016-07-01,8.71,2.89449
"128",2016-08-01,7.3,5.64522
"129",2016-09-01,3.67,6.62502
"130",2016-10-01,2.4,1.31024
"131",2016-11-01,2.11,5.4018
"132",2016-12-01,21.53,1.99434
"133",2017-01-01,1.67,19.49333
"134",2017-02-01,11.44,8.04976
"135",2017-03-01,1.6,8.88221
"136",2017-04-01,5.55,9.24151
"137",2017-05-01,6.5,7.89463
"138",2017-06-01,11.62,9.03232
"139",2017-07-01,7.09,12.71509
"140",2017-08-01,9.68,8.52744
"141",2017-09-01,13.34,4.71332
"142",2017-10-01,12.17,8.87127
"143",2017-11-01,2.69,12.20277
"144",2017-12-01,0.06,3.86676
"145",2018-01-01,12.25,12.60746
"146",2018-02-01,10.28,9.77438
"147",2018-03-01,24.78,10.61366
"148",2018-04-01,10.49,7.7854
"149",2018-05-01,10.53,12.25777
"150",2018-06-01,14.59,12.25758
"151",2018-07-01,13.12,6.79218
"152",2018-08-01,8.25,10.6778
"153",2018-09-01,5.23,10.23048
"154",2018-10-01,2.98,4.61823
"155",2018-11-01,20.19,1.84868
"156",2018-12-01,38.63,9.95971
"157",2019-01-01,-6.45,-9.82962
"158",2019-02-01,-0.24,4.03215
"159",2019-03-01,1.94,4.01588
"160",2019-04-01,5.74,2.64308
"161",2019-05-01,2.37,-1.11317
"162",2019-06-01,-3.26,-2.32141
"163",2019-07-01,-3.49,-3.63782
"164",2019-08-01,1.14,-2.29197
"165",2019-09-01,-0.43,0.16305
"166",2019-10-01,5.06,3.79315
"167",2019-11-01,2.46,4.01275
"168",2019-12-01,7.74,3.18042
"169",2020-01-01,-1.23,0.97747
"170",2020-02-01,5.53,2.96878
"171",2020-03-01,-18.55,-13.83324
"172",2020-04-01,-23.41,-21.85441
"173",2020-05-01,-0.89,-1.81982
"174",2020-06-01,37.88,33.97718
"175",2020-07-01,165.7,94.35387
"176",2020-08-01,121.81,68.79799
"177",2020-09-01,76.71,49.73268
"178",2020-10-01,53.91,40.15617
"179",2020-11-01,49.91,31.47814
"180",2020-12-01,56.74,48.74527
"181",2021-01-01,108.63,61.8914
"182",2021-02-01,55.94,40.87093
"183",2021-03-01,68.69,73.35732
"184",2021-04-01,144.97,112.8954
"185",2021-05-01,87.36,74.81937
"186",2021-06-01,35.67,19.0714
"187",2021-07-01,-29.77,-17.54274
"188",2021-08-01,-34.93,-13.07431
"189",2021-09-01,-17.22,-1.55347
"190",2021-10-01,-9.45,4.1448
"191",2021-11-01,-9.09,9.1842
"192",2021-12-01,-0.05,-0.22183
"193",2022-01-01,-22.28,-12.41042
"194",2022-02-01,-14.33,-2.47066
"195",2022-03-01,-11.99,-6.72201
"196",2022-04-01,-13.4,-11.66997
"197",2022-05-01,-15.93,-17.01915
"198",2022-06-01,-9.6,-9.59377
"199",2022-07-01,-8.35,-4.1356
"200",2022-08-01,-4.4,-2.39256
"201",2022-09-01,-2.26,0.03248
"202",2022-10-01,2.19,0.62565
"203",2022-11-01,2.77,-2.54989
"204",2022-12-01,0.59,-10.05114
"205",2023-01-01,4.76,12.26551
"206",2023-02-01,8.56,3.5279
"207",2023-03-01,6.9,9.04729
"208",2023-04-01,-0.31,4.77053
"209",2023-05-01,10.92,8.1785
"210",2023-06-01,12.23,10.56943
"211",2023-07-01,12.77,13.12134
"212",2023-08-01,12.87,11.93827
"213",2023-09-01,15.23,11.65323
"214",2023-10-01,15.18,9.69344
"215",2023-11-01,6.21,10.21389
"216",2023-12-01,-4.16,7.70622
"217",2024-01-01,-3.8,1.35856
"218",2024-02-01,3.31,1.71992
"219",2024-03-01,-7.63,-5.63245
"220",2024-04-01,-3.29,-3.79313
"221",2024-05-01,-13.5,-5.35261
"222",2024-06-01,-10.86,-5.95411
"223",2024-07-01,-14,-12.537
"224",2024-08-01,-12.65,-7.19908
"225",2024-09-01,-15.69,-9.49429
"226",2024-10-01,-22.44,-9.61179
"227",2024-11-01,-6.57,-0.84806
"228",2024-12-01,19.43,0.18832
"229",2025-01-01,-19.44,-13.47042
"230",2025-02-01,-6.56,-6.84559
"231",2025-03-01,1.15,4.48834
"232",2025-04-01,5.91,6.42365
"233",2025-05-01,9.62,2.61175
"234",2025-06-01,1.04,9.5662
"235",2025-07-01,7.89,15.07096
"236",2025-08-01,18.76,7.64549
"237",2025-09-01,32.61,19.72849
"238",2025-10-01,30.42,15.81884
"239",2025-11-01,65.56,20.90387
"240",2025-12-01,20.82,23.84371
"241",2026-01-01,259.79,19.58246
"242",2026-02-01,11.92,14.5434
"243",2026-03-01,10.84,8.68278
"244",2026-04-01,2.9,9.20583
"245",2026-05-01,4.21,17.13825
"246",2026-06-01,19.74,15.81507
