"","GeoName","rank_2024","TimePeriod","GDP_percent_change","Michigan_GDP_percent_change"
"1","Kalamazoo",7,"2021",5.21958355028336,5.18868139720465
"2","Kalamazoo",7,"2022",2.23072504530977,2.10056367620828
"3","Kalamazoo",7,"2023",-0.23863560911962,2.73222524554499
"4","Kalamazoo",7,"2024",2.38781099669825,1.37432430273656
"5","Berrien",13,"2021",-0.276696599840609,5.18868139720465
"6","Berrien",13,"2022",-2.34724702166287,2.10056367620828
"7","Berrien",13,"2023",0.0755574206305232,2.73222524554499
"8","Berrien",13,"2024",0.545682920295443,1.37432430273656
"9","Branch",39,"2021",4.96650287680311,5.18868139720465
"10","Branch",39,"2022",-0.697380950212201,2.10056367620828
"11","Branch",39,"2023",2.83769061643584,2.73222524554499
"12","Branch",39,"2024",2.24191247656027,1.37432430273656
"13","Calhoun",12,"2021",6.96822347561028,5.18868139720465
"14","Calhoun",12,"2022",4.52108057422802,2.10056367620828
"15","Calhoun",12,"2023",1.72661627868578,2.73222524554499
"16","Calhoun",12,"2024",3.10980147349427,1.37432430273656
"17","Cass",40,"2021",3.21158177144543,5.18868139720465
"18","Cass",40,"2022",14.3515448007179,2.10056367620828
"19","Cass",40,"2023",20.4654856822767,2.73222524554499
"20","Cass",40,"2024",-4.62820259500757,1.37432430273656
"21","St. Joseph",29,"2021",7.19909208498322,5.18868139720465
"22","St. Joseph",29,"2022",1.83867958285293,2.10056367620828
"23","St. Joseph",29,"2023",3.90072660549126,2.73222524554499
"24","St. Joseph",29,"2024",-0.216928459047705,1.37432430273656
"25","Van Buren",25,"2021",-0.63276984088021,5.18868139720465
"26","Van Buren",25,"2022",-6.4897261213981,2.10056367620828
"27","Van Buren",25,"2023",-4.58361035404348,2.73222524554499
"28","Van Buren",25,"2024",-2.68905462592842,1.37432430273656
"29","Alcona",80,"2021",5.36470847165416,5.18868139720465
"30","Alcona",80,"2022",1.33207422364574,2.10056367620828
"31","Alcona",80,"2023",-10.1441682091276,2.73222524554499
"32","Alcona",80,"2024",-2.22575896612373,1.37432430273656
"33","Alger",76,"2021",4.86980939414567,5.18868139720465
"34","Alger",76,"2022",2.00254781204612,2.10056367620828
"35","Alger",76,"2023",-0.0807407466331456,2.73222524554499
"36","Alger",76,"2024",1.05923516931443,1.37432430273656
"37","Allegan",21,"2021",4.34004903564935,5.18868139720465
"38","Allegan",21,"2022",-3.02809743377538,2.10056367620828
"39","Allegan",21,"2023",4.68112416068316,2.73222524554499
"40","Allegan",21,"2024",3.88081605780732,1.37432430273656
"41","Alpena",52,"2021",5.25957541453836,5.18868139720465
"42","Alpena",52,"2022",-1.10669884785282,2.10056367620828
"43","Alpena",52,"2023",1.7745457492593,2.73222524554499
"44","Alpena",52,"2024",1.95155587851235,1.37432430273656
"45","Antrim",62,"2021",9.25993450685494,5.18868139720465
"46","Antrim",62,"2022",-0.713248132640931,2.10056367620828
"47","Antrim",62,"2023",3.83608000168876,2.73222524554499
"48","Antrim",62,"2024",1.53832680960997,1.37432430273656
"49","Arenac",70,"2021",3.37950191297056,5.18868139720465
"50","Arenac",70,"2022",-1.53404063122189,2.10056367620828
"51","Arenac",70,"2023",5.46975742753835,2.73222524554499
"52","Arenac",70,"2024",0.904880987514067,1.37432430273656
"53","Baraga",74,"2021",6.60319903752387,5.18868139720465
"54","Baraga",74,"2022",-1.35709178594962,2.10056367620828
"55","Baraga",74,"2023",1.34413950910306,2.73222524554499
"56","Baraga",74,"2024",-0.893674161282065,1.37432430273656
"57","Barry",34,"2021",3.70117976329092,5.18868139720465
"58","Barry",34,"2022",6.27156959223987,2.10056367620828
"59","Barry",34,"2023",1.63709381375508,2.73222524554499
"60","Barry",34,"2024",8.05917105531322,1.37432430273656
"61","Bay",22,"2021",8.55418721847148,5.18868139720465
"62","Bay",22,"2022",-1.90039746807339,2.10056367620828
"63","Bay",22,"2023",-2.46802336034453,2.73222524554499
"64","Bay",22,"2024",0.747941331471114,1.37432430273656
"65","Benzie",65,"2021",10.3136946446091,5.18868139720465
"66","Benzie",65,"2022",3.90955336366878,2.10056367620828
"67","Benzie",65,"2023",2.70863039295801,2.73222524554499
"68","Benzie",65,"2024",1.37948250997211,1.37432430273656
"69","Charlevoix",43,"2021",12.7423569515985,5.18868139720465
"70","Charlevoix",43,"2022",3.54500003974216,2.10056367620828
"71","Charlevoix",43,"2023",0.826661344428148,2.73222524554499
"72","Charlevoix",43,"2024",3.04473843890918,1.37432430273656
"73","Cheboygan",59,"2021",11.0356591917158,5.18868139720465
"74","Cheboygan",59,"2022",2.30597976678739,2.10056367620828
"75","Cheboygan",59,"2023",2.22829473072945,2.73222524554499
"76","Cheboygan",59,"2024",2.57809506762543,1.37432430273656
"77","Chippewa",48,"2021",6.94170724801282,5.18868139720465
"78","Chippewa",48,"2022",4.63870119873298,2.10056367620828
"79","Chippewa",48,"2023",2.33039611036496,2.73222524554499
"80","Chippewa",48,"2024",1.42433137238045,1.37432430273656
"81","Clare",50,"2021",0.58590986195024,5.18868139720465
"82","Clare",50,"2022",-2.66388625727454,2.10056367620828
"83","Clare",50,"2023",8.585152646687,2.73222524554499
"84","Clare",50,"2024",3.1305048149624,1.37432430273656
"85","Clinton",28,"2021",6.83366935995582,5.18868139720465
"86","Clinton",28,"2022",1.91134113955653,2.10056367620828
"87","Clinton",28,"2023",1.95238044779757,2.73222524554499
"88","Clinton",28,"2024",1.46433756217292,1.37432430273656
"89","Crawford",71,"2021",12.4050464872732,5.18868139720465
"90","Crawford",71,"2022",-6.95106935322665,2.10056367620828
"91","Crawford",71,"2023",-1.56067842503103,2.73222524554499
"92","Crawford",71,"2024",0.248080302567244,1.37432430273656
"93","Delta",47,"2021",2.90965977729591,5.18868139720465
"94","Delta",47,"2022",-0.817871863194131,2.10056367620828
"95","Delta",47,"2023",-1.28409351647499,2.73222524554499
"96","Delta",47,"2024",3.91693895501473,1.37432430273656
"97","Dickinson",44,"2021",9.5713384674085,5.18868139720465
"98","Dickinson",44,"2022",-5.89561297034853,2.10056367620828
"99","Dickinson",44,"2023",0.00377589889049013,2.73222524554499
"100","Dickinson",44,"2024",-0.0790643373774214,1.37432430273656
"101","Eaton",18,"2021",8.00278498497664,5.18868139720465
"102","Eaton",18,"2022",7.59655429409831,2.10056367620828
"103","Eaton",18,"2023",0.263801443810441,2.73222524554499
"104","Eaton",18,"2024",2.4238029797554,1.37432430273656
"105","Emmet",30,"2021",11.8123505044631,5.18868139720465
"106","Emmet",30,"2022",1.76623579942234,2.10056367620828
"107","Emmet",30,"2023",2.38607530915191,2.73222524554499
"108","Emmet",30,"2024",3.03223343175263,1.37432430273656
"109","Genesee",8,"2021",2.07219519880781,5.18868139720465
"110","Genesee",8,"2022",0.728832408545621,2.10056367620828
"111","Genesee",8,"2023",3.12717642315163,2.73222524554499
"112","Genesee",8,"2024",1.99812949576359,1.37432430273656
"113","Gladwin",66,"2021",-2.46854780172584,5.18868139720465
"114","Gladwin",66,"2022",-0.870900328400226,2.10056367620828
"115","Gladwin",66,"2023",6.00616104772231,2.73222524554499
"116","Gladwin",66,"2024",8.01439193467215,1.37432430273656
"117","Gogebic",69,"2021",4.86272684969753,5.18868139720465
"118","Gogebic",69,"2022",0.760721417477583,2.10056367620828
"119","Gogebic",69,"2023",0.28919856973586,2.73222524554499
"120","Gogebic",69,"2024",2.58001647797848,1.37432430273656
"121","Grand Traverse",20,"2021",6.92092305809688,5.18868139720465
"122","Grand Traverse",20,"2022",3.57819710729397,2.10056367620828
"123","Grand Traverse",20,"2023",4.45762313893143,2.73222524554499
"124","Grand Traverse",20,"2024",1.83493963913619,1.37432430273656
"125","Gratiot",38,"2021",3.05091119811489,5.18868139720465
"126","Gratiot",38,"2022",2.39235942709271,2.10056367620828
"127","Gratiot",38,"2023",0.65345967947088,2.73222524554499
"128","Gratiot",38,"2024",1.2550613149678,1.37432430273656
"129","Hillsdale",33,"2021",16.1722458605945,5.18868139720465
"130","Hillsdale",33,"2022",1.43658720551314,2.10056367620828
"131","Hillsdale",33,"2023",1.80591219668227,2.73222524554499
"132","Hillsdale",33,"2024",-0.169260207977862,1.37432430273656
"133","Houghton",49,"2021",8.21131875864871,5.18868139720465
"134","Houghton",49,"2022",2.3342006970916,2.10056367620828
"135","Houghton",49,"2023",1.47472017933088,2.73222524554499
"136","Houghton",49,"2024",3.8440814796322,1.37432430273656
"137","Huron",35,"2021",0.451519380393117,5.18868139720465
"138","Huron",35,"2022",3.17155011539183,2.10056367620828
"139","Huron",35,"2023",6.18148931288467,2.73222524554499
"140","Huron",35,"2024",7.73992969370141,1.37432430273656
"141","Ingham",6,"2021",2.8422577651855,5.18868139720465
"142","Ingham",6,"2022",4.27284810817032,2.10056367620828
"143","Ingham",6,"2023",1.23208735807041,2.73222524554499
"144","Ingham",6,"2024",0.573715040597245,1.37432430273656
"145","Ionia",31,"2021",10.3497219442958,5.18868139720465
"146","Ionia",31,"2022",6.28831901764395,2.10056367620828
"147","Ionia",31,"2023",8.553043855749,2.73222524554499
"148","Ionia",31,"2024",2.33564032439777,1.37432430273656
"149","Iosco",54,"2021",7.15619838892954,5.18868139720465
"150","Iosco",54,"2022",1.98732218103135,2.10056367620828
"151","Iosco",54,"2023",3.36131977579976,2.73222524554499
"152","Iosco",54,"2024",-0.839779995560819,1.37432430273656
"153","Iron",73,"2021",2.81315591718276,5.18868139720465
"154","Iron",73,"2022",0.263064209720465,2.10056367620828
"155","Iron",73,"2023",-1.20000754128855,2.73222524554499
"156","Iron",73,"2024",1.99345480219699,1.37432430273656
"157","Isabella",27,"2021",4.8486057318754,5.18868139720465
"158","Isabella",27,"2022",-0.196277580873749,2.10056367620828
"159","Isabella",27,"2023",2.27364077987537,2.73222524554499
"160","Isabella",27,"2024",-0.732210049628634,1.37432430273656
"161","Jackson",14,"2021",5.26097969011399,5.18868139720465
"162","Jackson",14,"2022",0.549062316233462,2.10056367620828
"163","Jackson",14,"2023",2.89070504828233,2.73222524554499
"164","Jackson",14,"2024",1.94316352224555,1.37432430273656
"165","Kalkaska",61,"2021",11.4725013676251,5.18868139720465
"166","Kalkaska",61,"2022",-1.3539291002321,2.10056367620828
"167","Kalkaska",61,"2023",6.8332558143497,2.73222524554499
"168","Kalkaska",61,"2024",3.55132913703771,1.37432430273656
"169","Kent",3,"2021",4.68814496291592,5.18868139720465
"170","Kent",3,"2022",2.70708846003334,2.10056367620828
"171","Kent",3,"2023",1.19694601397802,2.73222524554499
"172","Kent",3,"2024",1.60314316558783,1.37432430273656
"173","Keweenaw",83,"2021",11.795576658753,5.18868139720465
"174","Keweenaw",83,"2022",8.12376588055585,2.10056367620828
"175","Keweenaw",83,"2023",-0.411763692434919,2.73222524554499
"176","Keweenaw",83,"2024",-0.852882153484191,1.37432430273656
"177","Lake",78,"2021",-2.14229501223014,5.18868139720465
"178","Lake",78,"2022",-1.46670781910894,2.10056367620828
"179","Lake",78,"2023",1.45809895660998,2.73222524554499
"180","Lake",78,"2024",-2.61816758707657,1.37432430273656
"181","Lapeer",26,"2021",1.51383328877377,5.18868139720465
"182","Lapeer",26,"2022",2.60569391068131,2.10056367620828
"183","Lapeer",26,"2023",7.39875436209345,2.73222524554499
"184","Lapeer",26,"2024",1.04260379577004,1.37432430273656
"185","Leelanau",56,"2021",10.367979199864,5.18868139720465
"186","Leelanau",56,"2022",2.48238141624588,2.10056367620828
"187","Leelanau",56,"2023",0.978042242404631,2.73222524554499
"188","Leelanau",56,"2024",4.52515254334969,1.37432430273656
"189","Lenawee",23,"2021",6.46314227798692,5.18868139720465
"190","Lenawee",23,"2022",0.998165563769327,2.10056367620828
"191","Lenawee",23,"2023",1.35961669415618,2.73222524554499
"192","Lenawee",23,"2024",2.27244326626186,1.37432430273656
"193","Livingston",11,"2021",8.08900026144612,5.18868139720465
"194","Livingston",11,"2022",0.169091594959481,2.10056367620828
"195","Livingston",11,"2023",3.5853989864769,2.73222524554499
"196","Livingston",11,"2024",0.988110547009091,1.37432430273656
"197","Luce",81,"2021",8.12998007968126,5.18868139720465
"198","Luce",81,"2022",1.00748416810592,2.10056367620828
"199","Luce",81,"2023",1.15259174820304,2.73222524554499
"200","Luce",81,"2024",0.524025669118799,1.37432430273656
"201","Mackinac",67,"2021",16.7776954730471,5.18868139720465
"202","Mackinac",67,"2022",3.29951715417971,2.10056367620828
"203","Mackinac",67,"2023",3.15038250243878,2.73222524554499
"204","Mackinac",67,"2024",3.35679372442834,1.37432430273656
"205","Macomb",4,"2021",7.88516803383306,5.18868139720465
"206","Macomb",4,"2022",2.96852596684651,2.10056367620828
"207","Macomb",4,"2023",3.41977633446442,2.73222524554499
"208","Macomb",4,"2024",1.02504185527768,1.37432430273656
"209","Manistee",55,"2021",3.6513698563523,5.18868139720465
"210","Manistee",55,"2022",0.242668627720044,2.10056367620828
"211","Manistee",55,"2023",2.5993597543853,2.73222524554499
"212","Manistee",55,"2024",2.92169581520103,1.37432430273656
"213","Marquette",24,"2021",10.0647184773136,5.18868139720465
"214","Marquette",24,"2022",-4.53466803199563,2.10056367620828
"215","Marquette",24,"2023",3.44443461081883,2.73222524554499
"216","Marquette",24,"2024",-3.3615973606414,1.37432430273656
"217","Mason",53,"2021",2.07971430187368,5.18868139720465
"218","Mason",53,"2022",0.692471169295805,2.10056367620828
"219","Mason",53,"2023",0.919598281267953,2.73222524554499
"220","Mason",53,"2024",1.32199251085108,1.37432430273656
"221","Mecosta",46,"2021",10.4934066937621,5.18868139720465
"222","Mecosta",46,"2022",-4.01151346219757,2.10056367620828
"223","Mecosta",46,"2023",5.27537720199067,2.73222524554499
"224","Mecosta",46,"2024",-3.14051149524905,1.37432430273656
"225","Menominee",58,"2021",6.86133813632086,5.18868139720465
"226","Menominee",58,"2022",4.01316981902202,2.10056367620828
"227","Menominee",58,"2023",-2.62385550202864,2.73222524554499
"228","Menominee",58,"2024",6.20806267525258,1.37432430273656
"229","Midland",16,"2021",1.49278913891038,5.18868139720465
"230","Midland",16,"2022",-0.234250858842455,2.10056367620828
"231","Midland",16,"2023",7.18386273815463,2.73222524554499
"232","Midland",16,"2024",2.5122385295437,1.37432430273656
"233","Missaukee",68,"2021",1.6378896356372,5.18868139720465
"234","Missaukee",68,"2022",0.385665152467252,2.10056367620828
"235","Missaukee",68,"2023",4.21120535180981,2.73222524554499
"236","Missaukee",68,"2024",16.1070301896482,1.37432430273656
"237","Monroe",17,"2021",4.69459872360656,5.18868139720465
"238","Monroe",17,"2022",0.970879916558909,2.10056367620828
"239","Monroe",17,"2023",3.6838106859495,2.73222524554499
"240","Monroe",17,"2024",3.43554802112538,1.37432430273656
"241","Montcalm",37,"2021",5.00121968442271,5.18868139720465
"242","Montcalm",37,"2022",-1.76402834770445,2.10056367620828
"243","Montcalm",37,"2023",3.7354200869536,2.73222524554499
"244","Montcalm",37,"2024",-1.45429479211162,1.37432430273656
"245","Montmorency",77,"2021",-1.71778399822784,5.18868139720465
"246","Montmorency",77,"2022",-1.33062863699697,2.10056367620828
"247","Montmorency",77,"2023",-1.43745353507245,2.73222524554499
"248","Montmorency",77,"2024",-0.402002427184467,1.37432430273656
"249","Muskegon",15,"2021",1.75152392980533,5.18868139720465
"250","Muskegon",15,"2022",2.88337475947111,2.10056367620828
"251","Muskegon",15,"2023",3.47847506503134,2.73222524554499
"252","Muskegon",15,"2024",3.71825459902688,1.37432430273656
"253","Newaygo",36,"2021",10.2935488445055,5.18868139720465
"254","Newaygo",36,"2022",7.407449788073,2.10056367620828
"255","Newaygo",36,"2023",2.3443600371498,2.73222524554499
"256","Newaygo",36,"2024",1.77079206496067,1.37432430273656
"257","Oakland",1,"2021",4.90266783818207,5.18868139720465
"258","Oakland",1,"2022",2.20921350180707,2.10056367620828
"259","Oakland",1,"2023",2.93120229991317,2.73222524554499
"260","Oakland",1,"2024",0.723177265722907,1.37432430273656
"261","Oceana",63,"2021",0.470779063417859,5.18868139720465
"262","Oceana",63,"2022",0.60493207780179,2.10056367620828
"263","Oceana",63,"2023",8.5287301206745,2.73222524554499
"264","Oceana",63,"2024",-4.48064093312323,1.37432430273656
"265","Ogemaw",64,"2021",1.32631602372237,5.18868139720465
"266","Ogemaw",64,"2022",-0.873002800197664,2.10056367620828
"267","Ogemaw",64,"2023",5.01310882168311,2.73222524554499
"268","Ogemaw",64,"2024",5.02028932507226,1.37432430273656
"269","Ontonagon",82,"2021",7.66053748231965,5.18868139720465
"270","Ontonagon",82,"2022",-1.27624753196249,2.10056367620828
"271","Ontonagon",82,"2023",-0.298092058736299,2.73222524554499
"272","Ontonagon",82,"2024",-0.0533898757541285,1.37432430273656
"273","Osceola",57,"2021",1.94185329520227,5.18868139720465
"274","Osceola",57,"2022",1.16847481389992,2.10056367620828
"275","Osceola",57,"2023",3.99022801302931,2.73222524554499
"276","Osceola",57,"2024",6.60558516275356,1.37432430273656
"277","Oscoda",79,"2021",8.66867989189932,5.18868139720465
"278","Oscoda",79,"2022",6.76387280142501,2.10056367620828
"279","Oscoda",79,"2023",-4.55208504275842,2.73222524554499
"280","Oscoda",79,"2024",3.98737260370798,1.37432430273656
"281","Otsego",51,"2021",5.394213480085,5.18868139720465
"282","Otsego",51,"2022",-1.05027747719482,2.10056367620828
"283","Otsego",51,"2023",4.65845307361157,2.73222524554499
"284","Otsego",51,"2024",-0.660684698642222,1.37432430273656
"285","Ottawa",9,"2021",10.802849816556,5.18868139720465
"286","Ottawa",9,"2022",-2.82361200790278,2.10056367620828
"287","Ottawa",9,"2023",2.87688601024711,2.73222524554499
"288","Ottawa",9,"2024",2.46656505966716,1.37432430273656
"289","Presque Isle",72,"2021",8.21806444258455,5.18868139720465
"290","Presque Isle",72,"2022",-4.24703253812933,2.10056367620828
"291","Presque Isle",72,"2023",4.49185785626403,2.73222524554499
"292","Presque Isle",72,"2024",-3.95715643276879,1.37432430273656
"293","Roscommon",60,"2021",1.10682486114395,5.18868139720465
"294","Roscommon",60,"2022",-0.437419061721189,2.10056367620828
"295","Roscommon",60,"2023",10.937388103823,2.73222524554499
"296","Roscommon",60,"2024",0.797906677195326,1.37432430273656
"297","Saginaw",10,"2021",5.53713746932221,5.18868139720465
"298","Saginaw",10,"2022",0.375441602242588,2.10056367620828
"299","Saginaw",10,"2023",2.35141538936583,2.73222524554499
"300","Saginaw",10,"2024",-1.01609186713897,1.37432430273656
"301","Sanilac",45,"2021",3.79358837177821,5.18868139720465
"302","Sanilac",45,"2022",1.48654631968679,2.10056367620828
"303","Sanilac",45,"2023",2.03300013424006,2.73222524554499
"304","Sanilac",45,"2024",4.8840420078474,1.37432430273656
"305","Schoolcraft",75,"2021",6.63386507495001,5.18868139720465
"306","Schoolcraft",75,"2022",-9.71754678472856,2.10056367620828
"307","Schoolcraft",75,"2023",3.70366032210834,2.73222524554499
"308","Schoolcraft",75,"2024",1.50294980253076,1.37432430273656
"309","Shiawassee",32,"2021",4.77424421861594,5.18868139720465
"310","Shiawassee",32,"2022",8.21837185053695,2.10056367620828
"311","Shiawassee",32,"2023",1.02396510585168,2.73222524554499
"312","Shiawassee",32,"2024",0.312660107646501,1.37432430273656
"313","St. Clair",19,"2021",5.28178817239928,5.18868139720465
"314","St. Clair",19,"2022",1.84969798880457,2.10056367620828
"315","St. Clair",19,"2023",1.21443291300887,2.73222524554499
"316","St. Clair",19,"2024",0.636743849508403,1.37432430273656
"317","Tuscola",42,"2021",4.68877852442289,5.18868139720465
"318","Tuscola",42,"2022",3.209194000934,2.10056367620828
"319","Tuscola",42,"2023",2.70305041629813,2.73222524554499
"320","Tuscola",42,"2024",-2.16976942151819,1.37432430273656
"321","Washtenaw",5,"2021",5.18971877588252,5.18868139720465
"322","Washtenaw",5,"2022",1.72857193519118,2.10056367620828
"323","Washtenaw",5,"2023",2.65790162561874,2.73222524554499
"324","Washtenaw",5,"2024",2.24627573399239,1.37432430273656
"325","Wayne",2,"2021",4.35130262722347,5.18868139720465
"326","Wayne",2,"2022",3.78023696668672,2.10056367620828
"327","Wayne",2,"2023",3.63873753728252,2.73222524554499
"328","Wayne",2,"2024",1.32582346788084,1.37432430273656
"329","Wexford",41,"2021",10.9247810576247,5.18868139720465
"330","Wexford",41,"2022",-1.15303176130895,2.10056367620828
"331","Wexford",41,"2023",1.95689395607606,2.73222524554499
"332","Wexford",41,"2024",1.16385418434339,1.37432430273656
