"","GEOID","NAME","variable","estimate"
"1","26077","Kalamazoo","2020 or later",1.2
"2","26077","Kalamazoo","2010 to 2019",6.7
"3","26077","Kalamazoo","2000 to 2009",12.3
"4","26077","Kalamazoo","1980 to 1999",22.8
"5","26077","Kalamazoo","1960 to 1979",25.8
"6","26077","Kalamazoo","1940 to 1959",17.7
"7","26077","Kalamazoo","1939 or earlier",13.6
"8","26021","Berrien","2020 or later",0.8
"9","26021","Berrien","2010 to 2019",3.2
"10","26021","Berrien","2000 to 2009",8.9
"11","26021","Berrien","1980 to 1999",16.7
"12","26021","Berrien","1960 to 1979",29.9
"13","26021","Berrien","1940 to 1959",23.5
"14","26021","Berrien","1939 or earlier",17.1
"15","26023","Branch","2020 or later",0.7
"16","26023","Branch","2010 to 2019",5.4
"17","26023","Branch","2000 to 2009",8.9
"18","26023","Branch","1980 to 1999",20.9
"19","26023","Branch","1960 to 1979",24.3
"20","26023","Branch","1940 to 1959",16.1
"21","26023","Branch","1939 or earlier",23.7
"22","26025","Calhoun","2020 or later",0.3
"23","26025","Calhoun","2010 to 2019",2.3
"24","26025","Calhoun","2000 to 2009",7.4
"25","26025","Calhoun","1980 to 1999",16.8
"26","26025","Calhoun","1960 to 1979",24.9
"27","26025","Calhoun","1940 to 1959",25.1
"28","26025","Calhoun","1939 or earlier",23.3
"29","26027","Cass","2020 or later",1
"30","26027","Cass","2010 to 2019",5.9
"31","26027","Cass","2000 to 2009",12.3
"32","26027","Cass","1980 to 1999",20.3
"33","26027","Cass","1960 to 1979",27.7
"34","26027","Cass","1940 to 1959",16.1
"35","26027","Cass","1939 or earlier",16.7
"36","26149","St. Joseph","2020 or later",0.6
"37","26149","St. Joseph","2010 to 2019",3.1
"38","26149","St. Joseph","2000 to 2009",9.1
"39","26149","St. Joseph","1980 to 1999",21.9
"40","26149","St. Joseph","1960 to 1979",23.8
"41","26149","St. Joseph","1940 to 1959",16.8
"42","26149","St. Joseph","1939 or earlier",24.6
"43","26159","Van Buren","2020 or later",1.3
"44","26159","Van Buren","2010 to 2019",4.8
"45","26159","Van Buren","2000 to 2009",13
"46","26159","Van Buren","1980 to 1999",28.8
"47","26159","Van Buren","1960 to 1979",21.3
"48","26159","Van Buren","1940 to 1959",14.2
"49","26159","Van Buren","1939 or earlier",16.6
"50","26001","Alcona","2020 or later",0.9
"51","26001","Alcona","2010 to 2019",4.6
"52","26001","Alcona","2000 to 2009",11.5
"53","26001","Alcona","1980 to 1999",28
"54","26001","Alcona","1960 to 1979",31.7
"55","26001","Alcona","1940 to 1959",15.6
"56","26001","Alcona","1939 or earlier",7.6
"57","26003","Alger","2020 or later",0.5
"58","26003","Alger","2010 to 2019",4.2
"59","26003","Alger","2000 to 2009",12.9
"60","26003","Alger","1980 to 1999",25.9
"61","26003","Alger","1960 to 1979",25
"62","26003","Alger","1940 to 1959",14.1
"63","26003","Alger","1939 or earlier",17.3
"64","26005","Allegan","2020 or later",1.4
"65","26005","Allegan","2010 to 2019",8.2
"66","26005","Allegan","2000 to 2009",15.3
"67","26005","Allegan","1980 to 1999",27.7
"68","26005","Allegan","1960 to 1979",20.1
"69","26005","Allegan","1940 to 1959",11.9
"70","26005","Allegan","1939 or earlier",15.4
"71","26007","Alpena","2020 or later",0.2
"72","26007","Alpena","2010 to 2019",3.2
"73","26007","Alpena","2000 to 2009",6.9
"74","26007","Alpena","1980 to 1999",18
"75","26007","Alpena","1960 to 1979",33
"76","26007","Alpena","1940 to 1959",23.6
"77","26007","Alpena","1939 or earlier",15
"78","26009","Antrim","2020 or later",1
"79","26009","Antrim","2010 to 2019",4.2
"80","26009","Antrim","2000 to 2009",16.6
"81","26009","Antrim","1980 to 1999",29.3
"82","26009","Antrim","1960 to 1979",25.5
"83","26009","Antrim","1940 to 1959",10.2
"84","26009","Antrim","1939 or earlier",13.1
"85","26011","Arenac","2020 or later",0.5
"86","26011","Arenac","2010 to 2019",3.6
"87","26011","Arenac","2000 to 2009",11.2
"88","26011","Arenac","1980 to 1999",28
"89","26011","Arenac","1960 to 1979",31.9
"90","26011","Arenac","1940 to 1959",14
"91","26011","Arenac","1939 or earlier",10.8
"92","26013","Baraga","2020 or later",0.5
"93","26013","Baraga","2010 to 2019",3.5
"94","26013","Baraga","2000 to 2009",10.6
"95","26013","Baraga","1980 to 1999",22.3
"96","26013","Baraga","1960 to 1979",28.9
"97","26013","Baraga","1940 to 1959",14.5
"98","26013","Baraga","1939 or earlier",19.8
"99","26015","Barry","2020 or later",1.6
"100","26015","Barry","2010 to 2019",5.8
"101","26015","Barry","2000 to 2009",13.5
"102","26015","Barry","1980 to 1999",25.1
"103","26015","Barry","1960 to 1979",22.4
"104","26015","Barry","1940 to 1959",13.9
"105","26015","Barry","1939 or earlier",17.7
"106","26017","Bay","2020 or later",0.4
"107","26017","Bay","2010 to 2019",3.2
"108","26017","Bay","2000 to 2009",7.1
"109","26017","Bay","1980 to 1999",15
"110","26017","Bay","1960 to 1979",28.9
"111","26017","Bay","1940 to 1959",23
"112","26017","Bay","1939 or earlier",22.4
"113","26019","Benzie","2020 or later",0.8
"114","26019","Benzie","2010 to 2019",6.3
"115","26019","Benzie","2000 to 2009",19.9
"116","26019","Benzie","1980 to 1999",35.7
"117","26019","Benzie","1960 to 1979",17.2
"118","26019","Benzie","1940 to 1959",8.1
"119","26019","Benzie","1939 or earlier",11.8
"120","26029","Charlevoix","2020 or later",1.5
"121","26029","Charlevoix","2010 to 2019",5
"122","26029","Charlevoix","2000 to 2009",13.5
"123","26029","Charlevoix","1980 to 1999",33.8
"124","26029","Charlevoix","1960 to 1979",25.3
"125","26029","Charlevoix","1940 to 1959",9.8
"126","26029","Charlevoix","1939 or earlier",11
"127","26031","Cheboygan","2020 or later",0.8
"128","26031","Cheboygan","2010 to 2019",4.9
"129","26031","Cheboygan","2000 to 2009",14.2
"130","26031","Cheboygan","1980 to 1999",30.2
"131","26031","Cheboygan","1960 to 1979",26.1
"132","26031","Cheboygan","1940 to 1959",12.8
"133","26031","Cheboygan","1939 or earlier",11
"134","26033","Chippewa","2020 or later",0.5
"135","26033","Chippewa","2010 to 2019",4.7
"136","26033","Chippewa","2000 to 2009",14.4
"137","26033","Chippewa","1980 to 1999",23.4
"138","26033","Chippewa","1960 to 1979",21.7
"139","26033","Chippewa","1940 to 1959",19.8
"140","26033","Chippewa","1939 or earlier",15.5
"141","26035","Clare","2020 or later",0.7
"142","26035","Clare","2010 to 2019",3
"143","26035","Clare","2000 to 2009",12.5
"144","26035","Clare","1980 to 1999",25.8
"145","26035","Clare","1960 to 1979",36
"146","26035","Clare","1940 to 1959",16
"147","26035","Clare","1939 or earlier",6
"148","26037","Clinton","2020 or later",1.5
"149","26037","Clinton","2010 to 2019",9.4
"150","26037","Clinton","2000 to 2009",16.8
"151","26037","Clinton","1980 to 1999",23.2
"152","26037","Clinton","1960 to 1979",22.8
"153","26037","Clinton","1940 to 1959",10.5
"154","26037","Clinton","1939 or earlier",15.7
"155","26039","Crawford","2020 or later",0.9
"156","26039","Crawford","2010 to 2019",1.8
"157","26039","Crawford","2000 to 2009",14.9
"158","26039","Crawford","1980 to 1999",32
"159","26039","Crawford","1960 to 1979",32.4
"160","26039","Crawford","1940 to 1959",12.8
"161","26039","Crawford","1939 or earlier",5.2
"162","26041","Delta","2020 or later",0.8
"163","26041","Delta","2010 to 2019",3.1
"164","26041","Delta","2000 to 2009",8.3
"165","26041","Delta","1980 to 1999",21.5
"166","26041","Delta","1960 to 1979",25.8
"167","26041","Delta","1940 to 1959",18.2
"168","26041","Delta","1939 or earlier",22.3
"169","26043","Dickinson","2020 or later",0.8
"170","26043","Dickinson","2010 to 2019",2.5
"171","26043","Dickinson","2000 to 2009",7.6
"172","26043","Dickinson","1980 to 1999",23
"173","26043","Dickinson","1960 to 1979",25.4
"174","26043","Dickinson","1940 to 1959",15.2
"175","26043","Dickinson","1939 or earlier",25.5
"176","26045","Eaton","2020 or later",0.9
"177","26045","Eaton","2010 to 2019",5.3
"178","26045","Eaton","2000 to 2009",10.7
"179","26045","Eaton","1980 to 1999",27.2
"180","26045","Eaton","1960 to 1979",30.7
"181","26045","Eaton","1940 to 1959",10.7
"182","26045","Eaton","1939 or earlier",14.4
"183","26047","Emmet","2020 or later",1.3
"184","26047","Emmet","2010 to 2019",5.7
"185","26047","Emmet","2000 to 2009",17.9
"186","26047","Emmet","1980 to 1999",36.9
"187","26047","Emmet","1960 to 1979",18.1
"188","26047","Emmet","1940 to 1959",7.8
"189","26047","Emmet","1939 or earlier",12.4
"190","26049","Genesee","2020 or later",0.8
"191","26049","Genesee","2010 to 2019",3.5
"192","26049","Genesee","2000 to 2009",9.9
"193","26049","Genesee","1980 to 1999",18.7
"194","26049","Genesee","1960 to 1979",32.6
"195","26049","Genesee","1940 to 1959",23.9
"196","26049","Genesee","1939 or earlier",10.5
"197","26051","Gladwin","2020 or later",1.1
"198","26051","Gladwin","2010 to 2019",4.2
"199","26051","Gladwin","2000 to 2009",14.3
"200","26051","Gladwin","1980 to 1999",30.9
"201","26051","Gladwin","1960 to 1979",26
"202","26051","Gladwin","1940 to 1959",16.6
"203","26051","Gladwin","1939 or earlier",6.9
"204","26053","Gogebic","2020 or later",0.1
"205","26053","Gogebic","2010 to 2019",1.5
"206","26053","Gogebic","2000 to 2009",6
"207","26053","Gogebic","1980 to 1999",11.6
"208","26053","Gogebic","1960 to 1979",19.5
"209","26053","Gogebic","1940 to 1959",24.7
"210","26053","Gogebic","1939 or earlier",36.5
"211","26055","Grand Traverse","2020 or later",1.9
"212","26055","Grand Traverse","2010 to 2019",10.5
"213","26055","Grand Traverse","2000 to 2009",17.6
"214","26055","Grand Traverse","1980 to 1999",28.1
"215","26055","Grand Traverse","1960 to 1979",23.6
"216","26055","Grand Traverse","1940 to 1959",8.4
"217","26055","Grand Traverse","1939 or earlier",9.9
"218","26057","Gratiot","2020 or later",0.6
"219","26057","Gratiot","2010 to 2019",2.6
"220","26057","Gratiot","2000 to 2009",7.7
"221","26057","Gratiot","1980 to 1999",20.5
"222","26057","Gratiot","1960 to 1979",27.3
"223","26057","Gratiot","1940 to 1959",18.3
"224","26057","Gratiot","1939 or earlier",22.9
"225","26059","Hillsdale","2020 or later",1.1
"226","26059","Hillsdale","2010 to 2019",3.7
"227","26059","Hillsdale","2000 to 2009",10.5
"228","26059","Hillsdale","1980 to 1999",23
"229","26059","Hillsdale","1960 to 1979",20.8
"230","26059","Hillsdale","1940 to 1959",13.3
"231","26059","Hillsdale","1939 or earlier",27.7
"232","26061","Houghton","2020 or later",0.9
"233","26061","Houghton","2010 to 2019",6.8
"234","26061","Houghton","2000 to 2009",7.5
"235","26061","Houghton","1980 to 1999",16.7
"236","26061","Houghton","1960 to 1979",20.7
"237","26061","Houghton","1940 to 1959",12
"238","26061","Houghton","1939 or earlier",35.4
"239","26063","Huron","2020 or later",0.4
"240","26063","Huron","2010 to 2019",2.7
"241","26063","Huron","2000 to 2009",7.5
"242","26063","Huron","1980 to 1999",20.1
"243","26063","Huron","1960 to 1979",25.9
"244","26063","Huron","1940 to 1959",22.3
"245","26063","Huron","1939 or earlier",21
"246","26065","Ingham","2020 or later",0.8
"247","26065","Ingham","2010 to 2019",5.5
"248","26065","Ingham","2000 to 2009",8.8
"249","26065","Ingham","1980 to 1999",20.6
"250","26065","Ingham","1960 to 1979",29
"251","26065","Ingham","1940 to 1959",19.3
"252","26065","Ingham","1939 or earlier",16.1
"253","26067","Ionia","2020 or later",1.9
"254","26067","Ionia","2010 to 2019",4.7
"255","26067","Ionia","2000 to 2009",11.9
"256","26067","Ionia","1980 to 1999",20.9
"257","26067","Ionia","1960 to 1979",20.5
"258","26067","Ionia","1940 to 1959",12.4
"259","26067","Ionia","1939 or earlier",27.5
"260","26069","Iosco","2020 or later",0.3
"261","26069","Iosco","2010 to 2019",3.6
"262","26069","Iosco","2000 to 2009",8.4
"263","26069","Iosco","1980 to 1999",21.2
"264","26069","Iosco","1960 to 1979",39.3
"265","26069","Iosco","1940 to 1959",20.3
"266","26069","Iosco","1939 or earlier",7
"267","26071","Iron","2020 or later",0.3
"268","26071","Iron","2010 to 2019",2.9
"269","26071","Iron","2000 to 2009",6.9
"270","26071","Iron","1980 to 1999",19.6
"271","26071","Iron","1960 to 1979",18.3
"272","26071","Iron","1940 to 1959",24.4
"273","26071","Iron","1939 or earlier",27.6
"274","26073","Isabella","2020 or later",0.9
"275","26073","Isabella","2010 to 2019",5.9
"276","26073","Isabella","2000 to 2009",16
"277","26073","Isabella","1980 to 1999",30.9
"278","26073","Isabella","1960 to 1979",25.5
"279","26073","Isabella","1940 to 1959",8.9
"280","26073","Isabella","1939 or earlier",11.9
"281","26075","Jackson","2020 or later",0.8
"282","26075","Jackson","2010 to 2019",3.2
"283","26075","Jackson","2000 to 2009",10.5
"284","26075","Jackson","1980 to 1999",18.4
"285","26075","Jackson","1960 to 1979",25.7
"286","26075","Jackson","1940 to 1959",19.7
"287","26075","Jackson","1939 or earlier",21.7
"288","26079","Kalkaska","2020 or later",0.9
"289","26079","Kalkaska","2010 to 2019",3.6
"290","26079","Kalkaska","2000 to 2009",17.6
"291","26079","Kalkaska","1980 to 1999",31.9
"292","26079","Kalkaska","1960 to 1979",28.5
"293","26079","Kalkaska","1940 to 1959",9.8
"294","26079","Kalkaska","1939 or earlier",7.8
"295","26081","Kent","2020 or later",1.4
"296","26081","Kent","2010 to 2019",8.1
"297","26081","Kent","2000 to 2009",12
"298","26081","Kent","1980 to 1999",24.8
"299","26081","Kent","1960 to 1979",21.4
"300","26081","Kent","1940 to 1959",16.2
"301","26081","Kent","1939 or earlier",16.2
"302","26083","Keweenaw","2020 or later",0.5
"303","26083","Keweenaw","2010 to 2019",5.2
"304","26083","Keweenaw","2000 to 2009",12.9
"305","26083","Keweenaw","1980 to 1999",20.9
"306","26083","Keweenaw","1960 to 1979",9.1
"307","26083","Keweenaw","1940 to 1959",12.5
"308","26083","Keweenaw","1939 or earlier",38.9
"309","26085","Lake","2020 or later",1.9
"310","26085","Lake","2010 to 2019",3.5
"311","26085","Lake","2000 to 2009",12.6
"312","26085","Lake","1980 to 1999",28.5
"313","26085","Lake","1960 to 1979",28.7
"314","26085","Lake","1940 to 1959",15.5
"315","26085","Lake","1939 or earlier",9.3
"316","26087","Lapeer","2020 or later",1.4
"317","26087","Lapeer","2010 to 2019",3.8
"318","26087","Lapeer","2000 to 2009",11.7
"319","26087","Lapeer","1980 to 1999",30.5
"320","26087","Lapeer","1960 to 1979",28.1
"321","26087","Lapeer","1940 to 1959",10.6
"322","26087","Lapeer","1939 or earlier",13.8
"323","26089","Leelanau","2020 or later",2.1
"324","26089","Leelanau","2010 to 2019",8.4
"325","26089","Leelanau","2000 to 2009",20
"326","26089","Leelanau","1980 to 1999",33.5
"327","26089","Leelanau","1960 to 1979",21.3
"328","26089","Leelanau","1940 to 1959",6.1
"329","26089","Leelanau","1939 or earlier",8.5
"330","26091","Lenawee","2020 or later",0.4
"331","26091","Lenawee","2010 to 2019",2.4
"332","26091","Lenawee","2000 to 2009",10.9
"333","26091","Lenawee","1980 to 1999",21.4
"334","26091","Lenawee","1960 to 1979",22.8
"335","26091","Lenawee","1940 to 1959",18.4
"336","26091","Lenawee","1939 or earlier",23.8
"337","26093","Livingston","2020 or later",1.9
"338","26093","Livingston","2010 to 2019",9.1
"339","26093","Livingston","2000 to 2009",18.8
"340","26093","Livingston","1980 to 1999",33.7
"341","26093","Livingston","1960 to 1979",23
"342","26093","Livingston","1940 to 1959",7.4
"343","26093","Livingston","1939 or earlier",6.1
"344","26095","Luce","2020 or later",3.3
"345","26095","Luce","2010 to 2019",2.5
"346","26095","Luce","2000 to 2009",11
"347","26095","Luce","1980 to 1999",22.6
"348","26095","Luce","1960 to 1979",30.7
"349","26095","Luce","1940 to 1959",16
"350","26095","Luce","1939 or earlier",13.9
"351","26097","Mackinac","2020 or later",0.7
"352","26097","Mackinac","2010 to 2019",4.1
"353","26097","Mackinac","2000 to 2009",12.4
"354","26097","Mackinac","1980 to 1999",28.9
"355","26097","Mackinac","1960 to 1979",26.2
"356","26097","Mackinac","1940 to 1959",16.5
"357","26097","Mackinac","1939 or earlier",11.2
"358","26099","Macomb","2020 or later",1
"359","26099","Macomb","2010 to 2019",5.3
"360","26099","Macomb","2000 to 2009",11.7
"361","26099","Macomb","1980 to 1999",24.1
"362","26099","Macomb","1960 to 1979",33.2
"363","26099","Macomb","1940 to 1959",20.5
"364","26099","Macomb","1939 or earlier",4.2
"365","26101","Manistee","2020 or later",1
"366","26101","Manistee","2010 to 2019",4.4
"367","26101","Manistee","2000 to 2009",12.6
"368","26101","Manistee","1980 to 1999",20.5
"369","26101","Manistee","1960 to 1979",24.2
"370","26101","Manistee","1940 to 1959",17.4
"371","26101","Manistee","1939 or earlier",20
"372","26103","Marquette","2020 or later",0.6
"373","26103","Marquette","2010 to 2019",6.2
"374","26103","Marquette","2000 to 2009",8.3
"375","26103","Marquette","1980 to 1999",18.6
"376","26103","Marquette","1960 to 1979",29.1
"377","26103","Marquette","1940 to 1959",16.3
"378","26103","Marquette","1939 or earlier",21
"379","26105","Mason","2020 or later",0.6
"380","26105","Mason","2010 to 2019",6.7
"381","26105","Mason","2000 to 2009",12.9
"382","26105","Mason","1980 to 1999",22.7
"383","26105","Mason","1960 to 1979",21.3
"384","26105","Mason","1940 to 1959",14.6
"385","26105","Mason","1939 or earlier",21.2
"386","26107","Mecosta","2020 or later",0.7
"387","26107","Mecosta","2010 to 2019",6
"388","26107","Mecosta","2000 to 2009",13.9
"389","26107","Mecosta","1980 to 1999",28.6
"390","26107","Mecosta","1960 to 1979",26
"391","26107","Mecosta","1940 to 1959",10.7
"392","26107","Mecosta","1939 or earlier",14.2
"393","26109","Menominee","2020 or later",0.6
"394","26109","Menominee","2010 to 2019",2.6
"395","26109","Menominee","2000 to 2009",8
"396","26109","Menominee","1980 to 1999",21.3
"397","26109","Menominee","1960 to 1979",24.8
"398","26109","Menominee","1940 to 1959",18.3
"399","26109","Menominee","1939 or earlier",24.3
"400","26111","Midland","2020 or later",1.1
"401","26111","Midland","2010 to 2019",6.5
"402","26111","Midland","2000 to 2009",7.9
"403","26111","Midland","1980 to 1999",26.4
"404","26111","Midland","1960 to 1979",32.1
"405","26111","Midland","1940 to 1959",18.1
"406","26111","Midland","1939 or earlier",8
"407","26113","Missaukee","2020 or later",1.5
"408","26113","Missaukee","2010 to 2019",3.7
"409","26113","Missaukee","2000 to 2009",13.6
"410","26113","Missaukee","1980 to 1999",31.6
"411","26113","Missaukee","1960 to 1979",27.6
"412","26113","Missaukee","1940 to 1959",9.9
"413","26113","Missaukee","1939 or earlier",12.2
"414","26115","Monroe","2020 or later",1.3
"415","26115","Monroe","2010 to 2019",6.1
"416","26115","Monroe","2000 to 2009",13.6
"417","26115","Monroe","1980 to 1999",20.8
"418","26115","Monroe","1960 to 1979",24
"419","26115","Monroe","1940 to 1959",18.5
"420","26115","Monroe","1939 or earlier",15.7
"421","26117","Montcalm","2020 or later",1.1
"422","26117","Montcalm","2010 to 2019",5.1
"423","26117","Montcalm","2000 to 2009",13.8
"424","26117","Montcalm","1980 to 1999",26
"425","26117","Montcalm","1960 to 1979",24.2
"426","26117","Montcalm","1940 to 1959",13.1
"427","26117","Montcalm","1939 or earlier",16.6
"428","26119","Montmorency","2020 or later",0.6
"429","26119","Montmorency","2010 to 2019",2.2
"430","26119","Montmorency","2000 to 2009",10.8
"431","26119","Montmorency","1980 to 1999",28.4
"432","26119","Montmorency","1960 to 1979",31.6
"433","26119","Montmorency","1940 to 1959",18.8
"434","26119","Montmorency","1939 or earlier",7.7
"435","26121","Muskegon","2020 or later",0.7
"436","26121","Muskegon","2010 to 2019",4.3
"437","26121","Muskegon","2000 to 2009",10.4
"438","26121","Muskegon","1980 to 1999",21.5
"439","26121","Muskegon","1960 to 1979",24.3
"440","26121","Muskegon","1940 to 1959",24.4
"441","26121","Muskegon","1939 or earlier",14.3
"442","26123","Newaygo","2020 or later",1
"443","26123","Newaygo","2010 to 2019",4.6
"444","26123","Newaygo","2000 to 2009",13.1
"445","26123","Newaygo","1980 to 1999",31.1
"446","26123","Newaygo","1960 to 1979",24.1
"447","26123","Newaygo","1940 to 1959",15.5
"448","26123","Newaygo","1939 or earlier",10.7
"449","26125","Oakland","2020 or later",1.1
"450","26125","Oakland","2010 to 2019",5.5
"451","26125","Oakland","2000 to 2009",9.3
"452","26125","Oakland","1980 to 1999",26
"453","26125","Oakland","1960 to 1979",30.3
"454","26125","Oakland","1940 to 1959",20.6
"455","26125","Oakland","1939 or earlier",7.2
"456","26127","Oceana","2020 or later",1
"457","26127","Oceana","2010 to 2019",6
"458","26127","Oceana","2000 to 2009",14.6
"459","26127","Oceana","1980 to 1999",25.8
"460","26127","Oceana","1960 to 1979",21.6
"461","26127","Oceana","1940 to 1959",14
"462","26127","Oceana","1939 or earlier",16.8
"463","26129","Ogemaw","2020 or later",0.2
"464","26129","Ogemaw","2010 to 2019",2.4
"465","26129","Ogemaw","2000 to 2009",13.3
"466","26129","Ogemaw","1980 to 1999",26.7
"467","26129","Ogemaw","1960 to 1979",32
"468","26129","Ogemaw","1940 to 1959",15.3
"469","26129","Ogemaw","1939 or earlier",10
"470","26131","Ontonagon","2020 or later",0
"471","26131","Ontonagon","2010 to 2019",2.3
"472","26131","Ontonagon","2000 to 2009",6.9
"473","26131","Ontonagon","1980 to 1999",18.6
"474","26131","Ontonagon","1960 to 1979",24
"475","26131","Ontonagon","1940 to 1959",22.5
"476","26131","Ontonagon","1939 or earlier",25.7
"477","26133","Osceola","2020 or later",0.9
"478","26133","Osceola","2010 to 2019",4.8
"479","26133","Osceola","2000 to 2009",13.2
"480","26133","Osceola","1980 to 1999",28.2
"481","26133","Osceola","1960 to 1979",26.9
"482","26133","Osceola","1940 to 1959",10
"483","26133","Osceola","1939 or earlier",16.2
"484","26135","Oscoda","2020 or later",0.1
"485","26135","Oscoda","2010 to 2019",2.8
"486","26135","Oscoda","2000 to 2009",11.9
"487","26135","Oscoda","1980 to 1999",24.3
"488","26135","Oscoda","1960 to 1979",40
"489","26135","Oscoda","1940 to 1959",15.7
"490","26135","Oscoda","1939 or earlier",5.1
"491","26137","Otsego","2020 or later",1.5
"492","26137","Otsego","2010 to 2019",5.3
"493","26137","Otsego","2000 to 2009",17.6
"494","26137","Otsego","1980 to 1999",34
"495","26137","Otsego","1960 to 1979",28.8
"496","26137","Otsego","1940 to 1959",8.9
"497","26137","Otsego","1939 or earlier",4
"498","26139","Ottawa","2020 or later",2.7
"499","26139","Ottawa","2010 to 2019",12.7
"500","26139","Ottawa","2000 to 2009",14.8
"501","26139","Ottawa","1980 to 1999",30
"502","26139","Ottawa","1960 to 1979",21
"503","26139","Ottawa","1940 to 1959",10.4
"504","26139","Ottawa","1939 or earlier",8.4
"505","26141","Presque Isle","2020 or later",1.1
"506","26141","Presque Isle","2010 to 2019",2.9
"507","26141","Presque Isle","2000 to 2009",11.9
"508","26141","Presque Isle","1980 to 1999",22.9
"509","26141","Presque Isle","1960 to 1979",26.9
"510","26141","Presque Isle","1940 to 1959",18.1
"511","26141","Presque Isle","1939 or earlier",16.2
"512","26143","Roscommon","2020 or later",0.6
"513","26143","Roscommon","2010 to 2019",2.7
"514","26143","Roscommon","2000 to 2009",11.8
"515","26143","Roscommon","1980 to 1999",29.7
"516","26143","Roscommon","1960 to 1979",36.4
"517","26143","Roscommon","1940 to 1959",15.5
"518","26143","Roscommon","1939 or earlier",3.3
"519","26145","Saginaw","2020 or later",0.7
"520","26145","Saginaw","2010 to 2019",3.4
"521","26145","Saginaw","2000 to 2009",8.8
"522","26145","Saginaw","1980 to 1999",16.1
"523","26145","Saginaw","1960 to 1979",34.2
"524","26145","Saginaw","1940 to 1959",20.9
"525","26145","Saginaw","1939 or earlier",15.8
"526","26151","Sanilac","2020 or later",0.5
"527","26151","Sanilac","2010 to 2019",4.3
"528","26151","Sanilac","2000 to 2009",9.7
"529","26151","Sanilac","1980 to 1999",23.7
"530","26151","Sanilac","1960 to 1979",23.6
"531","26151","Sanilac","1940 to 1959",18.1
"532","26151","Sanilac","1939 or earlier",20.1
"533","26153","Schoolcraft","2020 or later",0.8
"534","26153","Schoolcraft","2010 to 2019",4.6
"535","26153","Schoolcraft","2000 to 2009",12.8
"536","26153","Schoolcraft","1980 to 1999",22.1
"537","26153","Schoolcraft","1960 to 1979",22.2
"538","26153","Schoolcraft","1940 to 1959",18
"539","26153","Schoolcraft","1939 or earlier",19.5
"540","26155","Shiawassee","2020 or later",0.3
"541","26155","Shiawassee","2010 to 2019",2
"542","26155","Shiawassee","2000 to 2009",9.1
"543","26155","Shiawassee","1980 to 1999",18.3
"544","26155","Shiawassee","1960 to 1979",30
"545","26155","Shiawassee","1940 to 1959",18.8
"546","26155","Shiawassee","1939 or earlier",21.4
"547","26147","St. Clair","2020 or later",1
"548","26147","St. Clair","2010 to 2019",3.6
"549","26147","St. Clair","2000 to 2009",12.3
"550","26147","St. Clair","1980 to 1999",26.4
"551","26147","St. Clair","1960 to 1979",22.2
"552","26147","St. Clair","1940 to 1959",18.1
"553","26147","St. Clair","1939 or earlier",16.5
"554","26157","Tuscola","2020 or later",0.4
"555","26157","Tuscola","2010 to 2019",2.2
"556","26157","Tuscola","2000 to 2009",7.6
"557","26157","Tuscola","1980 to 1999",22.2
"558","26157","Tuscola","1960 to 1979",30
"559","26157","Tuscola","1940 to 1959",17.1
"560","26157","Tuscola","1939 or earlier",20.5
"561","26161","Washtenaw","2020 or later",1.6
"562","26161","Washtenaw","2010 to 2019",6.6
"563","26161","Washtenaw","2000 to 2009",13.6
"564","26161","Washtenaw","1980 to 1999",26
"565","26161","Washtenaw","1960 to 1979",27.4
"566","26161","Washtenaw","1940 to 1959",13.5
"567","26161","Washtenaw","1939 or earlier",11.2
"568","26163","Wayne","2020 or later",0.4
"569","26163","Wayne","2010 to 2019",2.6
"570","26163","Wayne","2000 to 2009",6.2
"571","26163","Wayne","1980 to 1999",11.7
"572","26163","Wayne","1960 to 1979",22.3
"573","26163","Wayne","1940 to 1959",37.9
"574","26163","Wayne","1939 or earlier",18.9
"575","26165","Wexford","2020 or later",0.6
"576","26165","Wexford","2010 to 2019",3.8
"577","26165","Wexford","2000 to 2009",15.6
"578","26165","Wexford","1980 to 1999",28.8
"579","26165","Wexford","1960 to 1979",23.2
"580","26165","Wexford","1940 to 1959",10.3
"581","26165","Wexford","1939 or earlier",17.8
