"","NAME","Less than 9th grade","9th to 12th grade, no diploma","High school graduate (includes equivalency)","Some college, no degree","Associate's degree","Bachelor's degree","Graduate or professional degree"
"1","Kalamazoo",1.3,4,22.3,21.5,9.6,24.9,16.4
"2","Berrien",2.4,5.3,28.6,22,10.7,18.6,12.4
"3","Branch",5.6,5.8,38.4,23.2,9.8,12.4,4.9
"4","Calhoun",2.3,6.3,35.4,23.2,9.9,15,7.9
"5","Cass",2.7,7.2,34.1,23.2,10.9,13.8,8
"6","St. Joseph",6,7.3,37.2,22.3,10.2,10.8,6.1
"7","Van Buren",4.3,6.2,33.3,23.8,9.5,14.6,8.4
"8","Alcona",1.4,5.7,36.8,23.1,11.6,12.6,8.8
"9","Alger",1.5,4.6,41.2,21.5,10.2,14.9,6.1
"10","Allegan",2.4,5.2,35.6,20.9,8.7,18.1,9.1
"11","Alpena",2,5.5,34.7,25,14.5,11.4,6.9
"12","Antrim",1.5,3.8,30.4,20.1,9.9,21.2,13.1
"13","Arenac",3.1,8.7,35,25.7,11.6,10,5.9
"14","Baraga",1.5,6.7,37.1,29,10.9,9.4,5.3
"15","Barry",2.3,4.3,35.1,23.9,9.4,17.1,7.8
"16","Bay",2,6.1,33.1,24.6,12.1,15.1,7
"17","Benzie",1.6,4.3,26.3,21.4,9.5,22.8,14.1
"18","Charlevoix",1.4,3.5,27.3,21.8,10.8,20.6,14.6
"19","Cheboygan",2.1,6.8,34.5,21.3,10.8,14.6,9.8
"20","Chippewa",2,5.4,35.4,25.3,8.6,15.2,8.1
"21","Clare",4.6,6.8,42.2,23,10.6,7.6,5.3
"22","Clinton",1.8,2.9,24.8,23.1,12,21.4,13.9
"23","Crawford",1.6,7.1,33.1,25.8,12.1,11.8,8.5
"24","Delta",1.1,6,34.2,22.8,15.4,14.9,5.7
"25","Dickinson",0.5,3,35.1,24.3,11.7,17.6,7.7
"26","Eaton",1.5,4.3,27.1,25.7,10.6,20.6,10.2
"27","Emmet",0.9,2.8,23.5,21.2,10.1,23.9,17.7
"28","Genesee",1.8,6.6,32,25.2,11.1,15.3,8
"29","Gladwin",4.4,6.5,37.7,24.6,9.9,11.1,5.8
"30","Gogebic",1.2,2.8,32.2,25.5,15.5,15,7.9
"31","Grand Traverse",1.4,2.9,21.6,22.1,11.4,23.8,16.8
"32","Gratiot",2.2,6.1,40.2,24,8.8,12.9,5.8
"33","Hillsdale",2.8,6.1,40.3,20.7,8.9,13,8.1
"34","Houghton",1.7,3.9,28.1,21,8.1,20.6,16.6
"35","Huron",1.9,5.6,41.2,21.4,11.4,12.5,6
"36","Ingham",2,4.3,21.5,21.6,9.4,23.1,18.1
"37","Ionia",2.4,6.7,37.9,24.8,9.7,13.3,5.3
"38","Iosco",1.8,7.9,36.3,24.8,9.8,11.7,7.7
"39","Iron",1.5,3.7,40.5,20.3,11.5,15.3,7.2
"40","Isabella",3,5.1,29.3,21.5,9.8,17.8,13.5
"41","Jackson",1.5,6.1,34.7,23.7,10.5,15.6,7.8
"42","Kalkaska",2.6,6.9,38.8,24,8.7,12.1,6.9
"43","Kent",3.4,4.3,23.4,19,9.1,26.1,14.7
"44","Keweenaw",1.4,2.5,24,20.6,10.3,23.1,18.1
"45","Lake",3.8,10.6,43,22.8,7.2,9.1,3.6
"46","Lapeer",1.8,5.9,36.6,24.1,11.1,13.9,6.6
"47","Leelanau",0.6,2.3,17.8,19.2,8.3,30.4,21.5
"48","Lenawee",2.3,6.3,35.5,22.8,10.4,14.8,7.9
"49","Livingston",0.9,2.7,24.2,22.1,9.9,26.6,13.5
"50","Luce",2.2,5.2,43,19.7,12.5,9.3,8.1
"51","Mackinac",2.8,5.1,36.7,22.8,7.6,15.7,9.3
"52","Macomb",3.6,5.6,28.8,23.3,11,18.1,9.6
"53","Manistee",2.5,5.3,33.3,24.1,9.9,16.6,8.3
"54","Marquette",0.9,3.4,25.7,22.1,11.2,24.7,12.1
"55","Mason",1.7,4.2,32,23,12.6,16.3,10.3
"56","Mecosta",3.4,5.2,36.9,22.2,9.8,14.8,7.7
"57","Menominee",2.4,4.8,37.9,21.8,14.6,12.9,5.6
"58","Midland",0.9,3.5,27.1,20.9,11,21.9,14.7
"59","Missaukee",2.2,6.7,38.6,23.2,10.5,12.8,6
"60","Monroe",1.9,6.2,33.2,23.7,11.7,14.7,8.5
"61","Montcalm",4.1,7.5,38.8,23.5,10.2,11,5.1
"62","Montmorency",1.6,7.6,39.3,26,10,10.2,5.4
"63","Muskegon",2,5.9,34.5,24.3,11.9,14.9,6.4
"64","Newaygo",2.9,7.7,39.6,22.2,9.4,12.3,5.8
"65","Oakland",1.9,3.1,17.7,18.2,8.2,28.8,22.2
"66","Oceana",3.8,5.9,36.2,22.4,10.2,13.7,7.8
"67","Ogemaw",2.2,7.2,38.3,23.3,11.8,11.3,5.9
"68","Ontonagon",0.7,4.8,37.9,24.8,13.3,12,6.5
"69","Osceola",3.6,6.3,39.6,24.1,9.9,11.2,5.4
"70","Oscoda",5.3,8.8,36,26.5,7.7,11.3,4.4
"71","Otsego",1.4,4.2,33.5,23,11.6,16.7,9.6
"72","Ottawa",2.2,3.4,25.6,19.8,10.2,25.3,13.6
"73","Presque Isle",2.7,4.9,35.5,23.1,12.4,14.8,6.7
"74","Roscommon",1.8,6.4,33.8,25.9,11.8,12.1,8.2
"75","Saginaw",2.1,6.3,32.1,23.8,11.4,15.6,8.8
"76","Sanilac",3.4,6,41,21.9,11.3,10.2,6.2
"77","Schoolcraft",1.7,6.8,35.7,24.4,10.3,14.1,7
"78","Shiawassee",1.6,5.6,33.9,26.7,12.1,13.8,6.2
"79","St. Clair",1.9,6,33,26,12.7,12.8,7.5
"80","Tuscola",1.6,5.8,45.3,20.3,10.7,10.4,5.9
"81","Washtenaw",1.5,2.5,14.4,16.2,6.7,27.3,31.5
"82","Wayne",3.9,8.1,29.1,22.7,8.6,16.7,10.8
"83","Wexford",2.4,7.6,36,21.5,11.2,13.8,7.5
