"","Code","GeoFips","GeoName","CL_UNIT","UNIT_MULT","DataValue_2020","DataValue_2021","DataValue_2022","DataValue_2023","DataValue_2024","pct_21_20","pct_22_21","pct_23_22","pct_24_23","rank_2020","rank_2021","rank_2022","rank_2023","rank_2024","pc_rank_2021","pc_rank_2022","pc_rank_2023","pc_rank_2024"
"1","CAINC1-3","26077","Kalamazoo","Dollars","0",54938,59436,60953,62983,65811,8.18741126360625,2.55232519012047,3.3304349252703,4.49010050331042,10,12,9,11,11,38,11,73,38
"2","CAINC1-3","26021","Berrien","Dollars","0",53919,60589,60293,61513,64094,12.3704074630464,-0.488537523312815,2.02345214203972,4.19586103750427,12,10,12,13,12,2,43,80,56
"3","CAINC1-3","26023","Branch","Dollars","0",40200,43347,43743,44934,47018,7.82835820895522,0.913558031697703,2.72272134970166,4.63791338407442,70,73,67,70,69,45,22,76,35
"4","CAINC1-3","26025","Calhoun","Dollars","0",43949,45832,46136,47815,50199,4.28451159298278,0.663292023040674,3.63924050632911,4.98588309108021,49,58,56,58,59,81,24,70,26
"5","CAINC1-3","26027","Cass","Dollars","0",50513,55157,57092,57530,59552,9.19367291588305,3.50816759432167,0.767182792685484,3.51468798887538,20,18,15,22,23,24,7,82,65
"6","CAINC1-3","26149","St. Joseph","Dollars","0",42903,47553,47829,50074,51660,10.8384029088875,0.580405021765196,4.69380501369463,3.16731237768104,59,47,44,42,51,11,26,59,74
"7","CAINC1-3","26159","Van Buren","Dollars","0",45644,49887,50247,52658,54912,9.29585487687319,0.721630885801905,4.79829641570642,4.28045121349083,36,32,28,31,30,22,23,58,52
"8","CAINC1-3","26001","Alcona","Dollars","0",45779,50126,48609,49916,52130,9.49562026256581,-3.02637353868253,2.6888024851365,4.43545155861849,33,30,34,44,44,18,72,77,43
"9","CAINC1-3","26003","Alger","Dollars","0",38425,42183,42060,44315,46833,9.78009108653222,-0.291586658132426,5.36138849262957,5.68204896761819,78,76,75,73,70,16,38,44,11
"10","CAINC1-3","26005","Allegan","Dollars","0",50199,54689,55332,58460,60514,8.94440128289409,1.17573917972535,5.65314826863297,3.51351351351352,21,20,22,19,20,27,20,33,66
"11","CAINC1-3","26007","Alpena","Dollars","0",45054,48773,48865,51327,54180,8.25453899764728,0.188628954544523,5.03837102220404,5.55847799403824,41,37,32,33,31,37,29,54,13
"12","CAINC1-3","26009","Antrim","Dollars","0",52015,56996,56240,59869,63131,9.57608382197444,-1.32640887079795,6.45270270270271,5.4485626952179,15,15,20,16,14,17,58,17,17
"13","CAINC1-3","26011","Arenac","Dollars","0",44603,47811,46676,49193,51950,7.19234132233257,-2.37393068540712,5.39249292998543,5.60445591852499,44,46,49,52,45,52,67,43,12
"14","CAINC1-3","26013","Baraga","Dollars","0",39293,41977,41374,43543,45699,6.83073320947751,-1.43650094099149,5.24242277758979,4.9514273247135,77,77,77,77,74,56,59,48,29
"15","CAINC1-3","26015","Barry","Dollars","0",49118,53495,56813,58327,60378,8.91119345250213,6.20244882699317,2.66488303733301,3.5163817785931,25,22,17,20,21,29,3,78,64
"16","CAINC1-3","26017","Bay","Dollars","0",46699,50700,49910,53207,55627,8.5676352812694,-1.55818540433925,6.60589060308556,4.54827372338227,29,29,31,29,29,33,60,14,37
"17","CAINC1-3","26019","Benzie","Dollars","0",52268,54925,56921,60919,63595,5.08341623938164,3.63404642694583,7.0237697861949,4.3927181995765,14,19,16,14,13,77,5,5,46
"18","CAINC1-3","26029","Charlevoix","Dollars","0",58405,65532,67830,72354,76513,12.2027223696601,3.50668375755356,6.66961521450686,5.74812726317826,7,7,6,6,5,5,8,12,10
"19","CAINC1-3","26031","Cheboygan","Dollars","0",45556,49520,48075,51212,54043,8.70137852313635,-2.91801292407108,6.52522100884034,5.52800124970709,38,33,41,34,33,31,70,16,14
"20","CAINC1-3","26033","Chippewa","Dollars","0",39656,43961,43675,46268,48932,10.8558603994351,-0.650576647482992,5.93703491700057,5.75775914238783,74,67,68,64,62,10,50,24,9
"21","CAINC1-3","26035","Clare","Dollars","0",39614,41502,41203,43685,45627,4.76599182107336,-0.720447207363506,6.02383321602795,4.44546182900309,75,78,78,75,75,79,51,22,42
"22","CAINC1-3","26037","Clinton","Dollars","0",51034,56091,57392,60359,63057,9.90908022102912,2.31944518728495,5.16971006412044,4.46992163554731,18,17,13,15,15,15,14,49,39
"23","CAINC1-3","26039","Crawford","Dollars","0",41715,43636,41434,42960,45310,4.60505813256622,-5.04629205243377,3.68296568035913,5.47020484171321,65,70,76,79,77,80,80,69,16
"24","CAINC1-3","26041","Delta","Dollars","0",43623,46610,45539,47573,50325,6.84730532058777,-2.29779017378245,4.46650124069479,5.78479389569715,53,54,58,60,58,55,66,61,7
"25","CAINC1-3","26043","Dickinson","Dollars","0",50514,56365,54357,56747,59204,11.5829275052461,-3.5624944557793,4.3968578104016,4.32974430366364,19,16,23,24,24,7,77,62,48
"26","CAINC1-3","26045","Eaton","Dollars","0",47705,51055,51378,53979,56293,7.02232470390944,0.63265106257957,5.0624781034684,4.28685229441079,27,28,26,27,27,53,25,52,50
"27","CAINC1-3","26047","Emmet","Dollars","0",62279,69422,71040,75830,80004,11.4693556415485,2.33067327360204,6.74268018018018,5.50441777660557,4,4,4,4,3,8,13,10,15
"28","CAINC1-3","26049","Genesee","Dollars","0",45435,48440,48709,52844,53595,6.61384395289975,0.555326176713455,8.48919090927756,1.42116418136402,39,41,33,30,34,62,27,3,83
"29","CAINC1-3","26051","Gladwin","Dollars","0",41805,44437,44108,46546,48540,6.29589761990192,-0.740374012647116,5.52734197877935,4.28393417264641,62,65,64,62,63,65,52,39,51
"30","CAINC1-3","26053","Gogebic","Dollars","0",45696,48675,48497,50941,53587,6.51917016806722,-0.365690806368768,5.03948697857599,5.19424432186255,34,39,36,37,35,63,41,53,21
"31","CAINC1-3","26055","Grand Traverse","Dollars","0",55918,61175,63643,68103,71687,9.40126613970458,4.03432774826318,7.00784061090771,5.2626169184911,9,8,8,8,8,20,4,7,20
"32","CAINC1-3","26057","Gratiot","Dollars","0",41331,44198,44047,45600,46618,6.93668190946264,-0.341644418299469,3.52577928122233,2.23245614035088,67,66,65,67,72,54,40,71,81
"33","CAINC1-3","26059","Hillsdale","Dollars","0",39706,43020,42742,44598,46827,8.34634564045735,-0.646211064621105,4.34233306817651,4.99798197228576,72,74,71,72,71,35,49,63,25
"34","CAINC1-3","26061","Houghton","Dollars","0",39701,43374,42495,44972,47874,9.25165612956853,-2.02655969013695,5.82892104953523,6.45290402917371,73,72,72,69,67,23,65,26,5
"35","CAINC1-3","26063","Huron","Dollars","0",51796,57265,57094,61841,63026,10.5587304038922,-0.298611717453945,8.31435877675413,1.91620445982439,16,14,14,12,16,12,39,4,82
"36","CAINC1-3","26065","Ingham","Dollars","0",46334,51919,50089,51842,54120,12.0537833988,-3.52472120033128,3.49977040867255,4.39412059719919,31,26,30,32,32,6,76,72,45
"37","CAINC1-3","26067","Ionia","Dollars","0",37997,41026,41060,43745,45022,7.97168197489275,0.0828742748500977,6.53921091086216,2.91919076465881,79,81,81,74,79,44,33,15,78
"38","CAINC1-3","26069","Iosco","Dollars","0",43777,46692,46391,48875,52230,6.65874774424926,-0.644650047117279,5.35448686167577,6.86445012787724,52,52,53,54,43,60,48,45,4
"39","CAINC1-3","26071","Iron","Dollars","0",46555,49090,48200,50587,53507,5.44517237675868,-1.81299653697291,4.95228215767636,5.77223397315516,30,35,38,40,36,73,62,56,8
"40","CAINC1-3","26073","Isabella","Dollars","0",43326,45882,45613,48156,49936,5.89945990859992,-0.586286561178673,5.57516497489752,3.69632029238309,56,57,57,57,60,69,45,37,61
"41","CAINC1-3","26075","Jackson","Dollars","0",43472,47197,46600,49267,51569,8.56873389768127,-1.26491090535416,5.72317596566523,4.67249883289016,54,51,51,50,52,32,56,32,34
"42","CAINC1-3","26079","Kalkaska","Dollars","0",40587,43573,43645,45949,48253,7.3570355039791,0.165239942166018,5.27895520678199,5.01425493481904,69,71,69,65,64,50,31,47,24
"43","CAINC1-3","26081","Kent","Dollars","0",59064,66277,67750,70795,73492,12.2121766219694,2.22249045671952,4.49446494464945,3.80959107281589,6,6,7,7,7,4,15,60,59
"44","CAINC1-3","26083","Keweenaw","Dollars","0",54708,58225,56726,58161,62316,6.42867587921327,-2.5744954916273,2.52970419208123,7.14396244906381,11,13,18,21,17,64,68,79,3
"45","CAINC1-3","26085","Lake","Dollars","0",37845,39135,36352,38467,39505,3.40864050733254,-7.11128146160726,5.81811179577465,2.69841682481087,81,82,82,82,83,82,82,28,79
"46","CAINC1-3","26087","Lapeer","Dollars","0",48794,51143,50846,54232,56585,4.81411648973233,-0.580724634847385,6.65932423396138,4.33876677976102,26,27,27,26,26,78,44,13,47
"47","CAINC1-3","26089","Leelanau","Dollars","0",73162,80508,80646,87677,92189,10.0407315272956,0.171411536741695,8.71834932916697,5.14616147906521,2,2,2,2,2,13,30,2,22
"48","CAINC1-3","26091","Lenawee","Dollars","0",44165,47826,48526,51181,53030,8.28936941016643,1.46363902479822,5.47129373943864,3.61266876379907,48,45,35,35,38,36,19,42,63
"49","CAINC1-3","26093","Livingston","Dollars","0",62024,67553,68737,72771,75839,8.91429124209984,1.75269788166328,5.86874609016979,4.21596515095299,5,5,5,5,6,28,17,25,54
"50","CAINC1-3","26095","Luce","Dollars","0",33553,39010,36137,36434,39680,16.2638214168629,-7.36477826198411,0.821872319229588,8.90926058077619,83,83,83,83,82,1,83,81,1
"51","CAINC1-3","26097","Mackinac","Dollars","0",49504,53479,53398,57083,59779,8.02965416936006,-0.151461321266289,6.90100752837184,4.72294728728342,24,23,24,23,22,41,37,8,32
"52","CAINC1-3","26099","Macomb","Dollars","0",51137,53968,55509,58467,60760,5.53610888397833,2.85539579009784,5.3288655893639,3.92187045683889,17,21,21,18,19,72,9,46,58
"53","CAINC1-3","26101","Manistee","Dollars","0",43400,46340,46333,49244,51847,6.77419354838709,-0.0151057401812649,6.28277901279866,5.28592315815124,55,56,54,51,47,57,35,18,19
"54","CAINC1-3","26103","Marquette","Dollars","0",43826,47944,46533,48786,51849,9.39624880208097,-2.94301685299516,4.84172522725808,6.2784405362194,51,43,52,55,46,21,71,57,6
"55","CAINC1-3","26105","Mason","Dollars","0",45659,48742,48179,50829,53069,6.75222847631354,-1.15506134339994,5.50032171693062,4.4069330500305,35,38,39,38,37,58,55,40,44
"56","CAINC1-3","26107","Mecosta","Dollars","0",40174,43674,42208,44730,46058,8.71210235475681,-3.35668818976965,5.97517058377559,2.96892465906551,71,69,73,71,73,30,75,23,76
"57","CAINC1-3","26109","Menominee","Dollars","0",44365,48553,48176,49768,51492,9.4398737743717,-0.776471072848228,3.30454998339422,3.46407330011251,46,40,40,45,53,19,53,74,68
"58","CAINC1-3","26111","Midland","Dollars","0",57486,60671,60647,64387,67162,5.54047942107643,-0.0395576140165832,6.16683430342804,4.30987621724883,8,9,10,9,9,71,36,20,49
"59","CAINC1-3","26113","Missaukee","Dollars","0",41240,44538,43328,45121,47035,7.99709020368575,-2.7167811756253,4.13820162481535,4.24192726225039,68,64,70,68,68,43,69,65,53
"60","CAINC1-3","26115","Monroe","Dollars","0",49935,52962,56678,59816,61697,6.06188044457796,7.01635134624825,5.53653975087336,3.14464357362578,23,24,19,17,18,66,2,38,75
"61","CAINC1-3","26117","Montcalm","Dollars","0",37919,41381,41179,42315,43449,9.12998760515837,-0.488146734008366,2.75868768061391,2.67990074441686,80,79,79,81,81,25,42,75,80
"62","CAINC1-3","26119","Montmorency","Dollars","0",42578,43828,42119,43682,45102,2.93578843534219,-3.89933375924066,3.71091431420498,3.25076690627719,61,68,74,76,78,83,79,68,73
"63","CAINC1-3","26121","Muskegon","Dollars","0",44355,46639,47491,49309,51283,5.14936309322511,1.82679731555135,3.82809374407782,4.00332596483401,47,53,45,48,55,75,16,67,57
"64","CAINC1-3","26123","Newaygo","Dollars","0",41782,44951,44565,46442,48142,7.58460581111484,-0.858712820626906,4.21182542353866,3.66047973816803,63,62,61,63,66,47,54,64,62
"65","CAINC1-3","26125","Oakland","Dollars","0",76051,82548,85455,90428,93579,8.54295144048074,3.52158744003488,5.81943713065356,3.48454018666784,1,1,1,1,1,34,6,27,67
"66","CAINC1-3","26127","Oceana","Dollars","0",42998,46456,46180,49423,50878,8.04223452253594,-0.594110556225247,7.02252057167605,2.94397345365518,58,55,55,47,56,40,46,6,77
"67","CAINC1-3","26129","Ogemaw","Dollars","0",39412,42576,41175,43475,45525,8.02801177306405,-3.29058624577226,5.58591378263509,4.71535365152387,76,75,80,78,76,42,74,35,33
"68","CAINC1-3","26131","Ontonagon","Dollars","0",44658,47347,46746,49621,51710,6.02131756908058,-1.26935180687267,6.15025884567664,4.20991112633764,42,49,47,46,50,67,57,21,55
"69","CAINC1-3","26133","Osceola","Dollars","0",43013,45415,46626,48970,51435,5.58435821728314,2.6665198722889,5.02723802170464,5.0336940984276,57,60,50,53,54,70,10,55,23
"70","CAINC1-3","26135","Oscoda","Dollars","0",37492,41251,44241,42634,44109,10.0261389096341,7.24830913189984,-3.63237720666351,3.45968006755173,82,80,62,80,80,14,1,83,69
"71","CAINC1-3","26137","Otsego","Dollars","0",45783,49890,48374,51027,52732,8.97057859904331,-3.03868510723592,5.48435109769712,3.34136829521625,32,31,37,36,40,26,73,41,72
"72","CAINC1-3","26139","Ottawa","Dollars","0",53620,59734,60379,63838,66678,11.402461767997,1.07978705594804,5.72881299789663,4.44876092609419,13,11,11,10,10,9,21,31,41
"73","CAINC1-3","26141","Presque Isle","Dollars","0",44482,47451,46700,49305,51752,6.67460995458837,-1.58268529641103,5.57815845824412,4.96298549842815,45,48,48,49,49,59,61,36,28
"74","CAINC1-3","26143","Roscommon","Dollars","0",42700,45532,43900,47748,50345,6.63231850117096,-3.58429236580866,8.76537585421413,5.43897126581219,60,59,66,59,57,61,78,1,18
"75","CAINC1-3","26145","Saginaw","Dollars","0",45641,49032,48072,50789,52699,7.42972327512543,-1.95790504160548,5.65193875852887,3.76065683514146,37,36,42,39,41,49,63,34,60
"76","CAINC1-3","26151","Sanilac","Dollars","0",43941,47317,47311,50031,51754,7.68302951685214,-0.01268043198005,5.74919151994251,3.44386480382164,50,50,46,43,48,46,34,29,70
"77","CAINC1-3","26153","Schoolcraft","Dollars","0",45292,47988,45463,48567,52654,5.95248609025876,-5.26173209969159,6.82753007940522,8.41517903102931,40,42,59,56,42,68,81,9,2
"78","CAINC1-3","26155","Shiawassee","Dollars","0",44645,47919,48040,50485,52873,7.33340799641617,0.252509443018423,5.08950874271441,4.73011785678914,43,44,43,41,39,51,28,50,31
"79","CAINC1-3","26147","St. Clair","Dollars","0",50029,52719,52795,55470,57943,5.3768814087829,0.144160549327577,5.06676768633394,4.45826572922301,22,25,25,25,25,74,32,51,40
"80","CAINC1-3","26157","Tuscola","Dollars","0",41730,44854,44574,47562,49841,7.48622094416487,-0.624247558746149,6.70345941580293,4.79164038518145,64,63,60,61,61,48,47,11,30
"81","CAINC1-3","26161","Washtenaw","Dollars","0",63328,71134,72906,77085,79736,12.3263011622031,2.49107318581832,5.73203851534854,3.43906077706428,3,3,3,3,4,3,12,30,71
"82","CAINC1-3","26163","Wayne","Dollars","0",46924,49326,50121,53255,55715,5.11891569346177,1.6117260673884,6.2528680592965,4.61928457421839,28,34,29,28,28,76,18,19,36
"83","CAINC1-3","26165","Wexford","Dollars","0",41648,45011,44118,45870,48149,8.07481751824817,-1.98395947657239,3.97116823065415,4.96838892522347,66,61,63,66,65,39,64,66,27
