"","NAME","TimeLabel","TimeProportion"
"1","Kalamazoo","less than 10 minutes",3.90883418166542
"2","Kalamazoo","10 to 29 minutes",48.7606006148728
"3","Kalamazoo","30 to 59 minutes",30.9553867142496
"4","Kalamazoo","60 or more minutes",16.3753906606382
"5","Berrien","less than 10 minutes",4.9058933626377
"6","Berrien","10 to 29 minutes",42.9966566612433
"7","Berrien","30 to 59 minutes",28.6117572138067
"8","Berrien","60 or more minutes",23.486081071111
"9","Branch","less than 10 minutes",5.14716667481543
"10","Branch","10 to 29 minutes",35.2613308561091
"11","Branch","30 to 59 minutes",31.4269300347137
"12","Branch","60 or more minutes",28.1633501197868
"13","Calhoun","less than 10 minutes",4.69029374201788
"14","Calhoun","10 to 29 minutes",43.9705345739829
"15","Calhoun","30 to 59 minutes",33.435960591133
"16","Calhoun","60 or more minutes",17.9032110928663
"17","Cass","less than 10 minutes",2.70096709574152
"18","Cass","10 to 29 minutes",36.76305675098
"19","Cass","30 to 59 minutes",43.9563704676373
"20","Cass","60 or more minutes",16.580564155157
"21","St. Joseph","less than 10 minutes",6.06472461150977
"22","St. Joseph","10 to 29 minutes",34.7184336834102
"23","St. Joseph","30 to 59 minutes",39.6701991160956
"24","St. Joseph","60 or more minutes",19.5466425889845
"25","Van Buren","less than 10 minutes",2.95457503579331
"26","Van Buren","10 to 29 minutes",35.1685539502798
"27","Van Buren","30 to 59 minutes",41.9983970077478
"28","Van Buren","60 or more minutes",19.8784740061791
"29","Alcona","less than 10 minutes",2.50787102377592
"30","Alcona","10 to 29 minutes",26.6094886548692
"31","Alcona","30 to 59 minutes",42.6446639887092
"32","Alcona","60 or more minutes",28.2379763326457
"33","Alger","less than 10 minutes",5.94488510916674
"34","Alger","10 to 29 minutes",29.5608798757053
"35","Alger","30 to 59 minutes",38.0243683048491
"36","Alger","60 or more minutes",26.4780439937853
"37","Allegan","less than 10 minutes",2.82881992331056
"38","Allegan","10 to 29 minutes",37.3916821453911
"39","Allegan","30 to 59 minutes",42.010985244059
"40","Allegan","60 or more minutes",17.7689112810006
"41","Alpena","less than 10 minutes",8.50522159297553
"42","Alpena","10 to 29 minutes",45.1602847196966
"43","Alpena","30 to 59 minutes",22.2190471242272
"44","Alpena","60 or more minutes",24.1154465631007
"45","Antrim","less than 10 minutes",3.12889768182014
"46","Antrim","10 to 29 minutes",27.9364328415982
"47","Antrim","30 to 59 minutes",45.4346049632274
"48","Antrim","60 or more minutes",23.49576362307
"49","Arenac","less than 10 minutes",3.87641013624343
"50","Arenac","10 to 29 minutes",26.8771131121749
"51","Arenac","30 to 59 minutes",33.1905064774211
"52","Arenac","60 or more minutes",36.0526227697252
"53","Baraga","less than 10 minutes",8.32745947034538
"54","Baraga","10 to 29 minutes",36.4011680596113
"55","Baraga","30 to 59 minutes",22.8577182559662
"56","Baraga","60 or more minutes",32.423723693485
"57","Barry","less than 10 minutes",2.67091157535887
"58","Barry","10 to 29 minutes",25.0637440658149
"59","Barry","30 to 59 minutes",53.1294462366349
"60","Barry","60 or more minutes",19.135193767873
"61","Bay","less than 10 minutes",3.73190369858313
"62","Bay","10 to 29 minutes",38.9373225182393
"63","Bay","30 to 59 minutes",34.9940570030386
"64","Bay","60 or more minutes",22.3377114239819
"65","Benzie","less than 10 minutes",3.49506813387308
"66","Benzie","10 to 29 minutes",32.5617195963282
"67","Benzie","30 to 59 minutes",49.6978162951137
"68","Benzie","60 or more minutes",14.245395974685
"69","Charlevoix","less than 10 minutes",6.12678049240638
"70","Charlevoix","10 to 29 minutes",42.0974436373927
"71","Charlevoix","30 to 59 minutes",36.3078954815583
"72","Charlevoix","60 or more minutes",15.4702386567305
"73","Cheboygan","less than 10 minutes",3.93062114826659
"74","Cheboygan","10 to 29 minutes",30.7079777208327
"75","Cheboygan","30 to 59 minutes",40.7293674156589
"76","Cheboygan","60 or more minutes",24.6320337152417
"77","Chippewa","less than 10 minutes",8.91697706132584
"78","Chippewa","10 to 29 minutes",44.26126071116
"79","Chippewa","30 to 59 minutes",25.9327105086402
"80","Chippewa","60 or more minutes",20.889051718874
"81","Clare","less than 10 minutes",2.84670231729055
"82","Clare","10 to 29 minutes",22.2994652406417
"83","Clare","30 to 59 minutes",39.9286987522282
"84","Clare","60 or more minutes",34.9269162210339
"85","Clinton","less than 10 minutes",2.71081267042124
"86","Clinton","10 to 29 minutes",42.7709538492903
"87","Clinton","30 to 59 minutes",31.4467011544048
"88","Clinton","60 or more minutes",23.0715323258836
"89","Crawford","less than 10 minutes",4.80476673427992
"90","Crawford","10 to 29 minutes",28.6257606490872
"91","Crawford","30 to 59 minutes",24.1928668018932
"92","Crawford","60 or more minutes",42.3766058147397
"93","Delta","less than 10 minutes",8.72678627636135
"94","Delta","10 to 29 minutes",42.5499685237646
"95","Delta","30 to 59 minutes",22.6294460182562
"96","Delta","60 or more minutes",26.0937991816179
"97","Dickinson","less than 10 minutes",9.87487597839268
"98","Dickinson","10 to 29 minutes",39.9487377356411
"99","Dickinson","30 to 59 minutes",25.3031639290045
"100","Dickinson","60 or more minutes",24.87597839268
"101","Eaton","less than 10 minutes",3.31343167475374
"102","Eaton","10 to 29 minutes",41.2542906873851
"103","Eaton","30 to 59 minutes",32.7142426511343
"104","Eaton","60 or more minutes",22.7185211835977
"105","Emmet","less than 10 minutes",6.91535590736354
"106","Emmet","10 to 29 minutes",43.2490925512517
"107","Emmet","30 to 59 minutes",31.9251546497163
"108","Emmet","60 or more minutes",17.9086927625637
"109","Genesee","less than 10 minutes",2.40803843421512
"110","Genesee","10 to 29 minutes",31.8335721424185
"111","Genesee","30 to 59 minutes",34.5354059553768
"112","Genesee","60 or more minutes",31.2231038759317
"113","Gladwin","less than 10 minutes",2.56910698637776
"114","Gladwin","10 to 29 minutes",22.9327650760774
"115","Gladwin","30 to 59 minutes",41.8007647574285
"116","Gladwin","60 or more minutes",32.6973631801163
"117","Gogebic","less than 10 minutes",8.52344889223388
"118","Gogebic","10 to 29 minutes",33.4634742932405
"119","Gogebic","30 to 59 minutes",21.6802295498377
"120","Gogebic","60 or more minutes",36.3328472646879
"121","Grand Traverse","less than 10 minutes",3.58658542368059
"122","Grand Traverse","10 to 29 minutes",51.470553369055
"123","Grand Traverse","30 to 59 minutes",27.5422020958794
"124","Grand Traverse","60 or more minutes",17.4012518374508
"125","Gratiot","less than 10 minutes",5.27374986672353
"126","Gratiot","10 to 29 minutes",30.4590041582258
"127","Gratiot","30 to 59 minutes",36.0752745495255
"128","Gratiot","60 or more minutes",28.1919714255251
"129","Hillsdale","less than 10 minutes",3.84408448285731
"130","Hillsdale","10 to 29 minutes",31.4486863945968
"131","Hillsdale","30 to 59 minutes",38.5312804075325
"132","Hillsdale","60 or more minutes",26.1748039608494
"133","Houghton","less than 10 minutes",9.92590039634672
"134","Houghton","10 to 29 minutes",53.1600034464932
"135","Houghton","30 to 59 minutes",20.1490608306049
"136","Houghton","60 or more minutes",16.7650353265552
"137","Huron","less than 10 minutes",5.44533639143731
"138","Huron","10 to 29 minutes",38.2148318042813
"139","Huron","30 to 59 minutes",30.1681957186544
"140","Huron","60 or more minutes",26.1735474006116
"141","Ingham","less than 10 minutes",3.58044819539017
"142","Ingham","10 to 29 minutes",52.2091152243641
"143","Ingham","30 to 59 minutes",24.6807966497235
"144","Ingham","60 or more minutes",19.5294268086059
"145","Ionia","less than 10 minutes",2.98121878652641
"146","Ionia","10 to 29 minutes",24.3485017532675
"147","Ionia","30 to 59 minutes",52.565481882903
"148","Ionia","60 or more minutes",20.1047975773032
"149","Iosco","less than 10 minutes",6.69154027090599
"150","Iosco","10 to 29 minutes",35.2934814934977
"151","Iosco","30 to 59 minutes",29.6374401816855
"152","Iosco","60 or more minutes",28.3775380539108
"153","Iron","less than 10 minutes",7.64294049008168
"154","Iron","10 to 29 minutes",35.4207182678595
"155","Iron","30 to 59 minutes",27.4212368728121
"156","Iron","60 or more minutes",29.5215869311552
"157","Isabella","less than 10 minutes",7.15818835526495
"158","Isabella","10 to 29 minutes",39.5031652161313
"159","Isabella","30 to 59 minutes",30.1732491690742
"160","Isabella","60 or more minutes",23.1653972595296
"161","Jackson","less than 10 minutes",4.23457893795816
"162","Jackson","10 to 29 minutes",37.9492222420883
"163","Jackson","30 to 59 minutes",36.9658501698552
"164","Jackson","60 or more minutes",20.8503486500983
"165","Kalkaska","less than 10 minutes",1.98909133108971
"166","Kalkaska","10 to 29 minutes",23.1797609376813
"167","Kalkaska","30 to 59 minutes",48.6016014854358
"168","Kalkaska","60 or more minutes",26.227225252408
"169","Kent","less than 10 minutes",3.44999560665575
"170","Kent","10 to 29 minutes",50.9206496942558
"171","Kent","30 to 59 minutes",30.0564951526768
"172","Kent","60 or more minutes",15.5726968299581
"173","Keweenaw","less than 10 minutes",3.36842105263158
"174","Keweenaw","10 to 29 minutes",46.0350877192982
"175","Keweenaw","30 to 59 minutes",30.9122807017544
"176","Keweenaw","60 or more minutes",19.6491228070175
"177","Lake","less than 10 minutes",2.054367364907
"178","Lake","10 to 29 minutes",14.6813896327818
"179","Lake","30 to 59 minutes",37.4591877911882
"180","Lake","60 or more minutes",45.8087237242746
"181","Lapeer","less than 10 minutes",1.46586510746932
"182","Lapeer","10 to 29 minutes",17.35430563562
"183","Lapeer","30 to 59 minutes",41.6536276043811
"184","Lapeer","60 or more minutes",39.5262016525296
"185","Leelanau","less than 10 minutes",3.68164010089626
"186","Leelanau","10 to 29 minutes",38.3432619545967
"187","Leelanau","30 to 59 minutes",35.4102935651801
"188","Leelanau","60 or more minutes",22.564804379327
"189","Lenawee","less than 10 minutes",3.40826520306552
"190","Lenawee","10 to 29 minutes",24.4688581077685
"191","Lenawee","30 to 59 minutes",41.4480328670466
"192","Lenawee","60 or more minutes",30.6743868275897
"193","Livingston","less than 10 minutes",1.61304498947276
"194","Livingston","10 to 29 minutes",22.7106746623093
"195","Livingston","30 to 59 minutes",48.7209502083475
"196","Livingston","60 or more minutes",26.9553301398705
"197","Luce","less than 10 minutes",NA
"198","Luce","10 to 29 minutes",NA
"199","Luce","30 to 59 minutes",NA
"200","Luce","60 or more minutes",NA
"201","Mackinac","less than 10 minutes",5.51879857172863
"202","Mackinac","10 to 29 minutes",20.956731779038
"203","Mackinac","30 to 59 minutes",26.6698172652804
"204","Mackinac","60 or more minutes",46.854652383953
"205","Macomb","less than 10 minutes",1.89988114069652
"206","Macomb","10 to 29 minutes",33.3424989714598
"207","Macomb","30 to 59 minutes",46.705428669113
"208","Macomb","60 or more minutes",18.0520874567896
"209","Manistee","less than 10 minutes",5.94523778330931
"210","Manistee","10 to 29 minutes",33.8818289008254
"211","Manistee","30 to 59 minutes",36.1980872527185
"212","Manistee","60 or more minutes",23.9774662649024
"213","Marquette","less than 10 minutes",8.17001903340889
"214","Marquette","10 to 29 minutes",44.9006723862539
"215","Marquette","30 to 59 minutes",27.295247386493
"216","Marquette","60 or more minutes",19.6331047411361
"217","Mason","less than 10 minutes",7.00987534401813
"218","Mason","10 to 29 minutes",43.9256227017276
"219","Mason","30 to 59 minutes",23.9852910566849
"220","Mason","60 or more minutes",25.0815236245057
"221","Mecosta","less than 10 minutes",4.72205618649133
"222","Mecosta","10 to 29 minutes",30.1494321578004
"223","Mecosta","30 to 59 minutes",35.2659892408846
"224","Mecosta","60 or more minutes",29.8625224148237
"225","Menominee","less than 10 minutes",4.6716935181716
"226","Menominee","10 to 29 minutes",32.6878044211315
"227","Menominee","30 to 59 minutes",31.1867740726864
"228","Menominee","60 or more minutes",31.4537279880105
"229","Midland","less than 10 minutes",3.93798449612403
"230","Midland","10 to 29 minutes",36.7745609871856
"231","Midland","30 to 59 minutes",33.3352317671255
"232","Midland","60 or more minutes",25.952855560829
"233","Missaukee","less than 10 minutes",2.95435083327844
"234","Missaukee","10 to 29 minutes",35.080034253343
"235","Missaukee","30 to 59 minutes",31.3385152493248
"236","Missaukee","60 or more minutes",30.6270996640538
"237","Monroe","less than 10 minutes",2.58202377242577
"238","Monroe","10 to 29 minutes",29.6253097686566
"239","Monroe","30 to 59 minutes",49.4795886569025
"240","Monroe","60 or more minutes",18.3133745863568
"241","Montcalm","less than 10 minutes",2.73489405909497
"242","Montcalm","10 to 29 minutes",18.1271290860332
"243","Montcalm","30 to 59 minutes",46.983039791259
"244","Montcalm","60 or more minutes",32.1543330675751
"245","Montmorency","less than 10 minutes",3.68563328278499
"246","Montmorency","10 to 29 minutes",23.8346409969012
"247","Montmorency","30 to 59 minutes",44.2210061317334
"248","Montmorency","60 or more minutes",28.2587195885805
"249","Muskegon","less than 10 minutes",3.91589876365718
"250","Muskegon","10 to 29 minutes",45.1848984676635
"251","Muskegon","30 to 59 minutes",34.1618987831732
"252","Muskegon","60 or more minutes",16.7373039855061
"253","Newaygo","less than 10 minutes",2.48143482296778
"254","Newaygo","10 to 29 minutes",21.7386619811696
"255","Newaygo","30 to 59 minutes",38.0370640498608
"256","Newaygo","60 or more minutes",37.7420103434558
"257","Oakland","less than 10 minutes",1.9335905045837
"258","Oakland","10 to 29 minutes",33.4592861448678
"259","Oakland","30 to 59 minutes",47.8126161946355
"260","Oakland","60 or more minutes",16.794507155913
"261","Oceana","less than 10 minutes",3.94864733516929
"262","Oceana","10 to 29 minutes",32.5490037259031
"263","Oceana","30 to 59 minutes",39.4317997732059
"264","Oceana","60 or more minutes",24.0705491657217
"265","Ogemaw","less than 10 minutes",3.64097092558015
"266","Ogemaw","10 to 29 minutes",27.4046412376634
"267","Ogemaw","30 to 59 minutes",28.5836222992798
"268","Ogemaw","60 or more minutes",40.3680981595092
"269","Ontonagon","less than 10 minutes",4.92140921409214
"270","Ontonagon","10 to 29 minutes",24.130081300813
"271","Ontonagon","30 to 59 minutes",35.3929539295393
"272","Ontonagon","60 or more minutes",35.5663956639566
"273","Osceola","less than 10 minutes",3.17279057790914
"274","Osceola","10 to 29 minutes",32.3279819081525
"275","Osceola","30 to 59 minutes",33.1497279505609
"276","Osceola","60 or more minutes",31.3472604733436
"277","Oscoda","less than 10 minutes",4.62813399817403
"278","Oscoda","10 to 29 minutes",18.4282604115458
"279","Oscoda","30 to 59 minutes",33.2677856591053
"280","Oscoda","60 or more minutes",43.6758199311749
"281","Otsego","less than 10 minutes",5.34862364772549
"282","Otsego","10 to 29 minutes",41.2883284431205
"283","Otsego","30 to 59 minutes",29.8698680762425
"284","Otsego","60 or more minutes",23.4909400407642
"285","Ottawa","less than 10 minutes",4.55048067305139
"286","Ottawa","10 to 29 minutes",48.2118889741641
"287","Ottawa","30 to 59 minutes",36.4665893127994
"288","Ottawa","60 or more minutes",10.7708591735261
"289","Presque Isle","less than 10 minutes",4.09270430970878
"290","Presque Isle","10 to 29 minutes",23.9833340566816
"291","Presque Isle","30 to 59 minutes",37.8151989930993
"292","Presque Isle","60 or more minutes",34.1087626405104
"293","Roscommon","less than 10 minutes",4.1290103931315
"294","Roscommon","10 to 29 minutes",34.8085178490737
"295","Roscommon","30 to 59 minutes",32.37686398554
"296","Roscommon","60 or more minutes",28.6856077722549
"297","Saginaw","less than 10 minutes",4.19908653831327
"298","Saginaw","10 to 29 minutes",41.5273498817311
"299","Saginaw","30 to 59 minutes",29.4050163294383
"300","Saginaw","60 or more minutes",24.8688556440645
"301","Sanilac","less than 10 minutes",3.07972250653929
"302","Sanilac","10 to 29 minutes",23.3629023086546
"303","Sanilac","30 to 59 minutes",33.179802115319
"304","Sanilac","60 or more minutes",40.3787103377687
"305","Schoolcraft","less than 10 minutes",10.7114165848433
"306","Schoolcraft","10 to 29 minutes",31.4826385789521
"307","Schoolcraft","30 to 59 minutes",30.7239132375257
"308","Schoolcraft","60 or more minutes",27.0731054181916
"309","Shiawassee","less than 10 minutes",3.27337526465785
"310","Shiawassee","10 to 29 minutes",22.8316682913503
"311","Shiawassee","30 to 59 minutes",48.2959449139125
"312","Shiawassee","60 or more minutes",25.5990115300794
"313","St. Clair","less than 10 minutes",2.70541569678858
"314","St. Clair","10 to 29 minutes",23.8575924489069
"315","St. Clair","30 to 59 minutes",39.1997193435302
"316","St. Clair","60 or more minutes",34.2372725107743
"317","Tuscola","less than 10 minutes",2.3754143400141
"318","Tuscola","10 to 29 minutes",24.2995728954769
"319","Tuscola","30 to 59 minutes",39.2425580886465
"320","Tuscola","60 or more minutes",34.0824546758625
"321","Washtenaw","less than 10 minutes",2.36691830401751
"322","Washtenaw","10 to 29 minutes",42.6535105897176
"323","Washtenaw","30 to 59 minutes",38.3044394977702
"324","Washtenaw","60 or more minutes",16.6752823196252
"325","Wayne","less than 10 minutes",2.13737854173574
"326","Wayne","10 to 29 minutes",38.1833222820127
"327","Wayne","30 to 59 minutes",43.0640636556068
"328","Wayne","60 or more minutes",16.6152673994542
"329","Wexford","less than 10 minutes",5.18760773952409
"330","Wexford","10 to 29 minutes",28.9909941840795
"331","Wexford","30 to 59 minutes",39.5015385606805
"332","Wexford","60 or more minutes",26.3198595157159
