"","date","series_id","value.x","realtime_start","realtime_end","period","duoarea","area-name","product","product-name","process","process-name","series","series-description","value.y","units"
"1",1976-01-01,"ALTSALES",12.512,2026-07-28,2026-07-28,NA,NA,NA,NA,NA,NA,NA,NA,NA,NA,NA
"2",1976-02-01,"ALTSALES",13.044,2026-07-28,2026-07-28,NA,NA,NA,NA,NA,NA,NA,NA,NA,NA,NA
"3",1976-03-01,"ALTSALES",13.085,2026-07-28,2026-07-28,NA,NA,NA,NA,NA,NA,NA,NA,NA,NA,NA
"4",1976-04-01,"ALTSALES",12.915,2026-07-28,2026-07-28,NA,NA,NA,NA,NA,NA,NA,NA,NA,NA,NA
"5",1976-05-01,"ALTSALES",12.645,2026-07-28,2026-07-28,NA,NA,NA,NA,NA,NA,NA,NA,NA,NA,NA
"6",1976-06-01,"ALTSALES",12.727,2026-07-28,2026-07-28,NA,NA,NA,NA,NA,NA,NA,NA,NA,NA,NA
"7",1976-07-01,"ALTSALES",13.122,2026-07-28,2026-07-28,NA,NA,NA,NA,NA,NA,NA,NA,NA,NA,NA
"8",1976-08-01,"ALTSALES",12.594,2026-07-28,2026-07-28,NA,NA,NA,NA,NA,NA,NA,NA,NA,NA,NA
"9",1976-09-01,"ALTSALES",13.209,2026-07-28,2026-07-28,NA,NA,NA,NA,NA,NA,NA,NA,NA,NA,NA
"10",1976-10-01,"ALTSALES",12.537,2026-07-28,2026-07-28,NA,NA,NA,NA,NA,NA,NA,NA,NA,NA,NA
"11",1976-11-01,"ALTSALES",13.006,2026-07-28,2026-07-28,NA,NA,NA,NA,NA,NA,NA,NA,NA,NA,NA
"12",1976-12-01,"ALTSALES",14.197,2026-07-28,2026-07-28,NA,NA,NA,NA,NA,NA,NA,NA,NA,NA,NA
"13",1977-01-01,"ALTSALES",14.019,2026-07-28,2026-07-28,NA,NA,NA,NA,NA,NA,NA,NA,NA,NA,NA
"14",1977-02-01,"ALTSALES",14.335,2026-07-28,2026-07-28,NA,NA,NA,NA,NA,NA,NA,NA,NA,NA,NA
"15",1977-03-01,"ALTSALES",14.782,2026-07-28,2026-07-28,NA,NA,NA,NA,NA,NA,NA,NA,NA,NA,NA
"16",1977-04-01,"ALTSALES",14.753,2026-07-28,2026-07-28,NA,NA,NA,NA,NA,NA,NA,NA,NA,NA,NA
"17",1977-05-01,"ALTSALES",14.605,2026-07-28,2026-07-28,NA,NA,NA,NA,NA,NA,NA,NA,NA,NA,NA
"18",1977-06-01,"ALTSALES",14.571,2026-07-28,2026-07-28,NA,NA,NA,NA,NA,NA,NA,NA,NA,NA,NA
"19",1977-07-01,"ALTSALES",14.306,2026-07-28,2026-07-28,NA,NA,NA,NA,NA,NA,NA,NA,NA,NA,NA
"20",1977-08-01,"ALTSALES",14.488,2026-07-28,2026-07-28,NA,NA,NA,NA,NA,NA,NA,NA,NA,NA,NA
"21",1977-09-01,"ALTSALES",14.274,2026-07-28,2026-07-28,NA,NA,NA,NA,NA,NA,NA,NA,NA,NA,NA
"22",1977-10-01,"ALTSALES",14.511,2026-07-28,2026-07-28,NA,NA,NA,NA,NA,NA,NA,NA,NA,NA,NA
"23",1977-11-01,"ALTSALES",14.396,2026-07-28,2026-07-28,NA,NA,NA,NA,NA,NA,NA,NA,NA,NA,NA
"24",1977-12-01,"ALTSALES",14.789,2026-07-28,2026-07-28,NA,NA,NA,NA,NA,NA,NA,NA,NA,NA,NA
"25",1978-01-01,"ALTSALES",13.334,2026-07-28,2026-07-28,NA,NA,NA,NA,NA,NA,NA,NA,NA,NA,NA
"26",1978-02-01,"ALTSALES",13.969,2026-07-28,2026-07-28,NA,NA,NA,NA,NA,NA,NA,NA,NA,NA,NA
"27",1978-03-01,"ALTSALES",14.714,2026-07-28,2026-07-28,NA,NA,NA,NA,NA,NA,NA,NA,NA,NA,NA
"28",1978-04-01,"ALTSALES",15.757,2026-07-28,2026-07-28,NA,NA,NA,NA,NA,NA,NA,NA,NA,NA,NA
"29",1978-05-01,"ALTSALES",15.83,2026-07-28,2026-07-28,NA,NA,NA,NA,NA,NA,NA,NA,NA,NA,NA
"30",1978-06-01,"ALTSALES",15.868,2026-07-28,2026-07-28,NA,NA,NA,NA,NA,NA,NA,NA,NA,NA,NA
"31",1978-07-01,"ALTSALES",15.086,2026-07-28,2026-07-28,NA,NA,NA,NA,NA,NA,NA,NA,NA,NA,NA
"32",1978-08-01,"ALTSALES",15.676,2026-07-28,2026-07-28,NA,NA,NA,NA,NA,NA,NA,NA,NA,NA,NA
"33",1978-09-01,"ALTSALES",14.195,2026-07-28,2026-07-28,NA,NA,NA,NA,NA,NA,NA,NA,NA,NA,NA
"34",1978-10-01,"ALTSALES",15.391,2026-07-28,2026-07-28,NA,NA,NA,NA,NA,NA,NA,NA,NA,NA,NA
"35",1978-11-01,"ALTSALES",15.015,2026-07-28,2026-07-28,NA,NA,NA,NA,NA,NA,NA,NA,NA,NA,NA
"36",1978-12-01,"ALTSALES",14.839,2026-07-28,2026-07-28,NA,NA,NA,NA,NA,NA,NA,NA,NA,NA,NA
"37",1979-01-01,"ALTSALES",14.626,2026-07-28,2026-07-28,NA,NA,NA,NA,NA,NA,NA,NA,NA,NA,NA
"38",1979-02-01,"ALTSALES",14.856,2026-07-28,2026-07-28,NA,NA,NA,NA,NA,NA,NA,NA,NA,NA,NA
"39",1979-03-01,"ALTSALES",14.839,2026-07-28,2026-07-28,NA,NA,NA,NA,NA,NA,NA,NA,NA,NA,NA
"40",1979-04-01,"ALTSALES",14.304,2026-07-28,2026-07-28,NA,NA,NA,NA,NA,NA,NA,NA,NA,NA,NA
"41",1979-05-01,"ALTSALES",13.966,2026-07-28,2026-07-28,NA,NA,NA,NA,NA,NA,NA,NA,NA,NA,NA
"42",1979-06-01,"ALTSALES",12.363,2026-07-28,2026-07-28,NA,NA,NA,NA,NA,NA,NA,NA,NA,NA,NA
"43",1979-07-01,"ALTSALES",13.712,2026-07-28,2026-07-28,NA,NA,NA,NA,NA,NA,NA,NA,NA,NA,NA
"44",1979-08-01,"ALTSALES",13.999,2026-07-28,2026-07-28,NA,NA,NA,NA,NA,NA,NA,NA,NA,NA,NA
"45",1979-09-01,"ALTSALES",13.953,2026-07-28,2026-07-28,NA,NA,NA,NA,NA,NA,NA,NA,NA,NA,NA
"46",1979-10-01,"ALTSALES",12.733,2026-07-28,2026-07-28,NA,NA,NA,NA,NA,NA,NA,NA,NA,NA,NA
"47",1979-11-01,"ALTSALES",12.667,2026-07-28,2026-07-28,NA,NA,NA,NA,NA,NA,NA,NA,NA,NA,NA
"48",1979-12-01,"ALTSALES",13.198,2026-07-28,2026-07-28,NA,NA,NA,NA,NA,NA,NA,NA,NA,NA,NA
"49",1980-01-01,"ALTSALES",14.115,2026-07-28,2026-07-28,NA,NA,NA,NA,NA,NA,NA,NA,NA,NA,NA
"50",1980-02-01,"ALTSALES",12.967,2026-07-28,2026-07-28,NA,NA,NA,NA,NA,NA,NA,NA,NA,NA,NA
"51",1980-03-01,"ALTSALES",11.797,2026-07-28,2026-07-28,NA,NA,NA,NA,NA,NA,NA,NA,NA,NA,NA
"52",1980-04-01,"ALTSALES",10.198,2026-07-28,2026-07-28,NA,NA,NA,NA,NA,NA,NA,NA,NA,NA,NA
"53",1980-05-01,"ALTSALES",9.31,2026-07-28,2026-07-28,NA,NA,NA,NA,NA,NA,NA,NA,NA,NA,NA
"54",1980-06-01,"ALTSALES",10.181,2026-07-28,2026-07-28,NA,NA,NA,NA,NA,NA,NA,NA,NA,NA,NA
"55",1980-07-01,"ALTSALES",11.381,2026-07-28,2026-07-28,NA,NA,NA,NA,NA,NA,NA,NA,NA,NA,NA
"56",1980-08-01,"ALTSALES",10.86,2026-07-28,2026-07-28,NA,NA,NA,NA,NA,NA,NA,NA,NA,NA,NA
"57",1980-09-01,"ALTSALES",10.622,2026-07-28,2026-07-28,NA,NA,NA,NA,NA,NA,NA,NA,NA,NA,NA
"58",1980-10-01,"ALTSALES",11.146,2026-07-28,2026-07-28,NA,NA,NA,NA,NA,NA,NA,NA,NA,NA,NA
"59",1980-11-01,"ALTSALES",11.014,2026-07-28,2026-07-28,NA,NA,NA,NA,NA,NA,NA,NA,NA,NA,NA
"60",1980-12-01,"ALTSALES",10.718,2026-07-28,2026-07-28,NA,NA,NA,NA,NA,NA,NA,NA,NA,NA,NA
"61",1981-01-01,"ALTSALES",11.036,2026-07-28,2026-07-28,NA,NA,NA,NA,NA,NA,NA,NA,NA,NA,NA
"62",1981-02-01,"ALTSALES",12.116,2026-07-28,2026-07-28,NA,NA,NA,NA,NA,NA,NA,NA,NA,NA,NA
"63",1981-03-01,"ALTSALES",12.185,2026-07-28,2026-07-28,NA,NA,NA,NA,NA,NA,NA,NA,NA,NA,NA
"64",1981-04-01,"ALTSALES",10.212,2026-07-28,2026-07-28,NA,NA,NA,NA,NA,NA,NA,NA,NA,NA,NA
"65",1981-05-01,"ALTSALES",10.136,2026-07-28,2026-07-28,NA,NA,NA,NA,NA,NA,NA,NA,NA,NA,NA
"66",1981-06-01,"ALTSALES",10.205,2026-07-28,2026-07-28,NA,NA,NA,NA,NA,NA,NA,NA,NA,NA,NA
"67",1981-07-01,"ALTSALES",10.206,2026-07-28,2026-07-28,NA,NA,NA,NA,NA,NA,NA,NA,NA,NA,NA
"68",1981-08-01,"ALTSALES",12.457,2026-07-28,2026-07-28,NA,NA,NA,NA,NA,NA,NA,NA,NA,NA,NA
"69",1981-09-01,"ALTSALES",10.863,2026-07-28,2026-07-28,NA,NA,NA,NA,NA,NA,NA,NA,NA,NA,NA
"70",1981-10-01,"ALTSALES",9.209,2026-07-28,2026-07-28,NA,NA,NA,NA,NA,NA,NA,NA,NA,NA,NA
"71",1981-11-01,"ALTSALES",9.294,2026-07-28,2026-07-28,NA,NA,NA,NA,NA,NA,NA,NA,NA,NA,NA
"72",1981-12-01,"ALTSALES",8.849,2026-07-28,2026-07-28,NA,NA,NA,NA,NA,NA,NA,NA,NA,NA,NA
"73",1982-01-01,"ALTSALES",10.075,2026-07-28,2026-07-28,NA,NA,NA,NA,NA,NA,NA,NA,NA,NA,NA
"74",1982-02-01,"ALTSALES",10.725,2026-07-28,2026-07-28,NA,NA,NA,NA,NA,NA,NA,NA,NA,NA,NA
"75",1982-03-01,"ALTSALES",10.457,2026-07-28,2026-07-28,NA,NA,NA,NA,NA,NA,NA,NA,NA,NA,NA
"76",1982-04-01,"ALTSALES",9.541,2026-07-28,2026-07-28,NA,NA,NA,NA,NA,NA,NA,NA,NA,NA,NA
"77",1982-05-01,"ALTSALES",10.9,2026-07-28,2026-07-28,NA,NA,NA,NA,NA,NA,NA,NA,NA,NA,NA
"78",1982-06-01,"ALTSALES",9.42,2026-07-28,2026-07-28,NA,NA,NA,NA,NA,NA,NA,NA,NA,NA,NA
"79",1982-07-01,"ALTSALES",9.585,2026-07-28,2026-07-28,NA,NA,NA,NA,NA,NA,NA,NA,NA,NA,NA
"80",1982-08-01,"ALTSALES",9.779,2026-07-28,2026-07-28,NA,NA,NA,NA,NA,NA,NA,NA,NA,NA,NA
"81",1982-09-01,"ALTSALES",10.958,2026-07-28,2026-07-28,NA,NA,NA,NA,NA,NA,NA,NA,NA,NA,NA
"82",1982-10-01,"ALTSALES",9.981,2026-07-28,2026-07-28,NA,NA,NA,NA,NA,NA,NA,NA,NA,NA,NA
"83",1982-11-01,"ALTSALES",11.866,2026-07-28,2026-07-28,NA,NA,NA,NA,NA,NA,NA,NA,NA,NA,NA
"84",1982-12-01,"ALTSALES",11.073,2026-07-28,2026-07-28,NA,NA,NA,NA,NA,NA,NA,NA,NA,NA,NA
"85",1983-01-01,"ALTSALES",10.688,2026-07-28,2026-07-28,NA,NA,NA,NA,NA,NA,NA,NA,NA,NA,NA
"86",1983-02-01,"ALTSALES",10.441,2026-07-28,2026-07-28,NA,NA,NA,NA,NA,NA,NA,NA,NA,NA,NA
"87",1983-03-01,"ALTSALES",10.832,2026-07-28,2026-07-28,NA,NA,NA,NA,NA,NA,NA,NA,NA,NA,NA
"88",1983-04-01,"ALTSALES",11.507,2026-07-28,2026-07-28,NA,NA,NA,NA,NA,NA,NA,NA,NA,NA,NA
"89",1983-05-01,"ALTSALES",11.865,2026-07-28,2026-07-28,NA,NA,NA,NA,NA,NA,NA,NA,NA,NA,NA
"90",1983-06-01,"ALTSALES",12.785,2026-07-28,2026-07-28,NA,NA,NA,NA,NA,NA,NA,NA,NA,NA,NA
"91",1983-07-01,"ALTSALES",12.733,2026-07-28,2026-07-28,NA,NA,NA,NA,NA,NA,NA,NA,NA,NA,NA
"92",1983-08-01,"ALTSALES",12.048,2026-07-28,2026-07-28,NA,NA,NA,NA,NA,NA,NA,NA,NA,NA,NA
"93",1983-09-01,"ALTSALES",12.258,2026-07-28,2026-07-28,NA,NA,NA,NA,NA,NA,NA,NA,NA,NA,NA
"94",1983-10-01,"ALTSALES",13.103,2026-07-28,2026-07-28,NA,NA,NA,NA,NA,NA,NA,NA,NA,NA,NA
"95",1983-11-01,"ALTSALES",12.899,2026-07-28,2026-07-28,NA,NA,NA,NA,NA,NA,NA,NA,NA,NA,NA
"96",1983-12-01,"ALTSALES",14.278,2026-07-28,2026-07-28,NA,NA,NA,NA,NA,NA,NA,NA,NA,NA,NA
"97",1984-01-01,"ALTSALES",13.998,2026-07-28,2026-07-28,NA,NA,NA,NA,NA,NA,NA,NA,NA,NA,NA
"98",1984-02-01,"ALTSALES",14.13,2026-07-28,2026-07-28,NA,NA,NA,NA,NA,NA,NA,NA,NA,NA,NA
"99",1984-03-01,"ALTSALES",13.967,2026-07-28,2026-07-28,NA,NA,NA,NA,NA,NA,NA,NA,NA,NA,NA
"100",1984-04-01,"ALTSALES",14.094,2026-07-28,2026-07-28,NA,NA,NA,NA,NA,NA,NA,NA,NA,NA,NA
"101",1984-05-01,"ALTSALES",14.569,2026-07-28,2026-07-28,NA,NA,NA,NA,NA,NA,NA,NA,NA,NA,NA
"102",1984-06-01,"ALTSALES",14.394,2026-07-28,2026-07-28,NA,NA,NA,NA,NA,NA,NA,NA,NA,NA,NA
"103",1984-07-01,"ALTSALES",14.455,2026-07-28,2026-07-28,NA,NA,NA,NA,NA,NA,NA,NA,NA,NA,NA
"104",1984-08-01,"ALTSALES",14.006,2026-07-28,2026-07-28,NA,NA,NA,NA,NA,NA,NA,NA,NA,NA,NA
"105",1984-09-01,"ALTSALES",13.662,2026-07-28,2026-07-28,NA,NA,NA,NA,NA,NA,NA,NA,NA,NA,NA
"106",1984-10-01,"ALTSALES",14.342,2026-07-28,2026-07-28,NA,NA,NA,NA,NA,NA,NA,NA,NA,NA,NA
"107",1984-11-01,"ALTSALES",14.444,2026-07-28,2026-07-28,NA,NA,NA,NA,NA,NA,NA,NA,NA,NA,NA
"108",1984-12-01,"ALTSALES",14.306,2026-07-28,2026-07-28,NA,NA,NA,NA,NA,NA,NA,NA,NA,NA,NA
"109",1985-01-01,"ALTSALES",15.265,2026-07-28,2026-07-28,NA,NA,NA,NA,NA,NA,NA,NA,NA,NA,NA
"110",1985-02-01,"ALTSALES",15.432,2026-07-28,2026-07-28,NA,NA,NA,NA,NA,NA,NA,NA,NA,NA,NA
"111",1985-03-01,"ALTSALES",15.049,2026-07-28,2026-07-28,NA,NA,NA,NA,NA,NA,NA,NA,NA,NA,NA
"112",1985-04-01,"ALTSALES",15.224,2026-07-28,2026-07-28,NA,NA,NA,NA,NA,NA,NA,NA,NA,NA,NA
"113",1985-05-01,"ALTSALES",15.27,2026-07-28,2026-07-28,NA,NA,NA,NA,NA,NA,NA,NA,NA,NA,NA
"114",1985-06-01,"ALTSALES",14.8,2026-07-28,2026-07-28,NA,NA,NA,NA,NA,NA,NA,NA,NA,NA,NA
"115",1985-07-01,"ALTSALES",15.222,2026-07-28,2026-07-28,NA,NA,NA,NA,NA,NA,NA,NA,NA,NA,NA
"116",1985-08-01,"ALTSALES",16.633,2026-07-28,2026-07-28,NA,NA,NA,NA,NA,NA,NA,NA,NA,NA,NA
"117",1985-09-01,"ALTSALES",18.809,2026-07-28,2026-07-28,NA,NA,NA,NA,NA,NA,NA,NA,NA,NA,NA
"118",1985-10-01,"ALTSALES",13.887,2026-07-28,2026-07-28,NA,NA,NA,NA,NA,NA,NA,NA,NA,NA,NA
"119",1985-11-01,"ALTSALES",14.333,2026-07-28,2026-07-28,NA,NA,NA,NA,NA,NA,NA,NA,NA,NA,NA
"120",1985-12-01,"ALTSALES",15.387,2026-07-28,2026-07-28,NA,NA,NA,NA,NA,NA,NA,NA,NA,NA,NA
"121",1986-01-01,"ALTSALES",15.781,2026-07-28,2026-07-28,NA,NA,NA,NA,NA,NA,NA,NA,NA,NA,NA
"122",1986-02-01,"ALTSALES",15.126,2026-07-28,2026-07-28,NA,NA,NA,NA,NA,NA,NA,NA,NA,NA,NA
"123",1986-03-01,"ALTSALES",13.9,2026-07-28,2026-07-28,NA,NA,NA,NA,NA,NA,NA,NA,NA,NA,NA
"124",1986-04-01,"ALTSALES",15.579,2026-07-28,2026-07-28,NA,NA,NA,NA,NA,NA,NA,NA,NA,NA,NA
"125",1986-05-01,"ALTSALES",16.038,2026-07-28,2026-07-28,NA,NA,NA,NA,NA,NA,NA,NA,NA,NA,NA
"126",1986-06-01,"ALTSALES",15.637,2026-07-28,2026-07-28,NA,NA,NA,NA,NA,NA,NA,NA,NA,NA,NA
"127",1986-07-01,"ALTSALES",15.471,2026-07-28,2026-07-28,NA,NA,NA,NA,NA,NA,NA,NA,NA,NA,NA
"128",1986-08-01,"ALTSALES",17.01,2026-07-28,2026-07-28,NA,NA,NA,NA,NA,NA,NA,NA,NA,NA,NA
"129",1986-09-01,"ALTSALES",21.221,2026-07-28,2026-07-28,NA,NA,NA,NA,NA,NA,NA,NA,NA,NA,NA
"130",1986-10-01,"ALTSALES",14.516,2026-07-28,2026-07-28,NA,NA,NA,NA,NA,NA,NA,NA,NA,NA,NA
"131",1986-11-01,"ALTSALES",14.545,2026-07-28,2026-07-28,NA,NA,NA,NA,NA,NA,NA,NA,NA,NA,NA
"132",1986-12-01,"ALTSALES",17.782,2026-07-28,2026-07-28,NA,NA,NA,NA,NA,NA,NA,NA,NA,NA,NA
"133",1987-01-01,"ALTSALES",12.155,2026-07-28,2026-07-28,NA,NA,NA,NA,NA,NA,NA,NA,NA,NA,NA
"134",1987-02-01,"ALTSALES",14.83,2026-07-28,2026-07-28,NA,NA,NA,NA,NA,NA,NA,NA,NA,NA,NA
"135",1987-03-01,"ALTSALES",15.017,2026-07-28,2026-07-28,NA,NA,NA,NA,NA,NA,NA,NA,NA,NA,NA
"136",1987-04-01,"ALTSALES",15.167,2026-07-28,2026-07-28,NA,NA,NA,NA,NA,NA,NA,NA,NA,NA,NA
"137",1987-05-01,"ALTSALES",14.283,2026-07-28,2026-07-28,NA,NA,NA,NA,NA,NA,NA,NA,NA,NA,NA
"138",1987-06-01,"ALTSALES",15.341,2026-07-28,2026-07-28,NA,NA,NA,NA,NA,NA,NA,NA,NA,NA,NA
"139",1987-07-01,"ALTSALES",15.372,2026-07-28,2026-07-28,NA,NA,NA,NA,NA,NA,NA,NA,NA,NA,NA
"140",1987-08-01,"ALTSALES",16.786,2026-07-28,2026-07-28,NA,NA,NA,NA,NA,NA,NA,NA,NA,NA,NA
"141",1987-09-01,"ALTSALES",15.82,2026-07-28,2026-07-28,NA,NA,NA,NA,NA,NA,NA,NA,NA,NA,NA
"142",1987-10-01,"ALTSALES",13.975,2026-07-28,2026-07-28,NA,NA,NA,NA,NA,NA,NA,NA,NA,NA,NA
"143",1987-11-01,"ALTSALES",14.227,2026-07-28,2026-07-28,NA,NA,NA,NA,NA,NA,NA,NA,NA,NA,NA
"144",1987-12-01,"ALTSALES",15.354,2026-07-28,2026-07-28,NA,NA,NA,NA,NA,NA,NA,NA,NA,NA,NA
"145",1988-01-01,"ALTSALES",15.77,2026-07-28,2026-07-28,NA,NA,NA,NA,NA,NA,NA,NA,NA,NA,NA
"146",1988-02-01,"ALTSALES",16.172,2026-07-28,2026-07-28,NA,NA,NA,NA,NA,NA,NA,NA,NA,NA,NA
"147",1988-03-01,"ALTSALES",15.848,2026-07-28,2026-07-28,NA,NA,NA,NA,NA,NA,NA,NA,NA,NA,NA
"148",1988-04-01,"ALTSALES",15.201,2026-07-28,2026-07-28,NA,NA,NA,NA,NA,NA,NA,NA,NA,NA,NA
"149",1988-05-01,"ALTSALES",15.606,2026-07-28,2026-07-28,NA,NA,NA,NA,NA,NA,NA,NA,NA,NA,NA
"150",1988-06-01,"ALTSALES",15.525,2026-07-28,2026-07-28,NA,NA,NA,NA,NA,NA,NA,NA,NA,NA,NA
"151",1988-07-01,"ALTSALES",15.375,2026-07-28,2026-07-28,NA,NA,NA,NA,NA,NA,NA,NA,NA,NA,NA
"152",1988-08-01,"ALTSALES",15.078,2026-07-28,2026-07-28,NA,NA,NA,NA,NA,NA,NA,NA,NA,NA,NA
"153",1988-09-01,"ALTSALES",14.71,2026-07-28,2026-07-28,NA,NA,NA,NA,NA,NA,NA,NA,NA,NA,NA
"154",1988-10-01,"ALTSALES",14.815,2026-07-28,2026-07-28,NA,NA,NA,NA,NA,NA,NA,NA,NA,NA,NA
"155",1988-11-01,"ALTSALES",15.038,2026-07-28,2026-07-28,NA,NA,NA,NA,NA,NA,NA,NA,NA,NA,NA
"156",1988-12-01,"ALTSALES",16.098,2026-07-28,2026-07-28,NA,NA,NA,NA,NA,NA,NA,NA,NA,NA,NA
"157",1989-01-01,"ALTSALES",15.017,2026-07-28,2026-07-28,NA,NA,NA,NA,NA,NA,NA,NA,NA,NA,NA
"158",1989-02-01,"ALTSALES",14.668,2026-07-28,2026-07-28,NA,NA,NA,NA,NA,NA,NA,NA,NA,NA,NA
"159",1989-03-01,"ALTSALES",14.362,2026-07-28,2026-07-28,NA,NA,NA,NA,NA,NA,NA,NA,NA,NA,NA
"160",1989-04-01,"ALTSALES",15.698,2026-07-28,2026-07-28,NA,NA,NA,NA,NA,NA,NA,NA,NA,NA,NA
"161",1989-05-01,"ALTSALES",14.942,2026-07-28,2026-07-28,NA,NA,NA,NA,NA,NA,NA,NA,NA,NA,NA
"162",1989-06-01,"ALTSALES",14.065,2026-07-28,2026-07-28,NA,NA,NA,NA,NA,NA,NA,NA,NA,NA,NA
"163",1989-07-01,"ALTSALES",14.389,2026-07-28,2026-07-28,NA,NA,NA,NA,NA,NA,NA,NA,NA,NA,NA
"164",1989-08-01,"ALTSALES",16.234,2026-07-28,2026-07-28,NA,NA,NA,NA,NA,NA,NA,NA,NA,NA,NA
"165",1989-09-01,"ALTSALES",15.361,2026-07-28,2026-07-28,NA,NA,NA,NA,NA,NA,NA,NA,NA,NA,NA
"166",1989-10-01,"ALTSALES",13.27,2026-07-28,2026-07-28,NA,NA,NA,NA,NA,NA,NA,NA,NA,NA,NA
"167",1989-11-01,"ALTSALES",13.068,2026-07-28,2026-07-28,NA,NA,NA,NA,NA,NA,NA,NA,NA,NA,NA
"168",1989-12-01,"ALTSALES",13.273,2026-07-28,2026-07-28,NA,NA,NA,NA,NA,NA,NA,NA,NA,NA,NA
"169",1990-01-01,"ALTSALES",16.01,2026-07-28,2026-07-28,NA,NA,NA,NA,NA,NA,NA,NA,NA,NA,NA
"170",1990-02-01,"ALTSALES",14.066,2026-07-28,2026-07-28,NA,NA,NA,NA,NA,NA,NA,NA,NA,NA,NA
"171",1990-03-01,"ALTSALES",14.203,2026-07-28,2026-07-28,NA,NA,NA,NA,NA,NA,NA,NA,NA,NA,NA
"172",1990-04-01,"ALTSALES",14.009,2026-07-28,2026-07-28,NA,NA,NA,NA,NA,NA,NA,NA,NA,NA,NA
"173",1990-05-01,"ALTSALES",13.743,2026-07-28,2026-07-28,NA,NA,NA,NA,NA,NA,NA,NA,NA,NA,NA
"174",1990-06-01,"ALTSALES",13.867,2026-07-28,2026-07-28,NA,NA,NA,NA,NA,NA,NA,NA,NA,NA,NA
"175",1990-07-01,"ALTSALES",13.789,2026-07-28,2026-07-28,NA,NA,NA,NA,NA,NA,NA,NA,NA,NA,NA
"176",1990-08-01,"ALTSALES",13.582,2026-07-28,2026-07-28,NA,NA,NA,NA,NA,NA,NA,NA,NA,NA,NA
"177",1990-09-01,"ALTSALES",14.025,2026-07-28,2026-07-28,NA,NA,NA,NA,NA,NA,NA,NA,NA,NA,NA
"178",1990-10-01,"ALTSALES",13.483,2026-07-28,2026-07-28,NA,NA,NA,NA,NA,NA,NA,NA,NA,NA,NA
"179",1990-11-01,"ALTSALES",12.877,2026-07-28,2026-07-28,NA,NA,NA,NA,NA,NA,NA,NA,NA,NA,NA
"180",1990-12-01,"ALTSALES",12.702,2026-07-28,2026-07-28,NA,NA,NA,NA,NA,NA,NA,NA,NA,NA,NA
"181",1991-01-01,"ALTSALES",11.596,2026-07-28,2026-07-28,NA,NA,NA,NA,NA,NA,NA,NA,NA,NA,NA
"182",1991-02-01,"ALTSALES",12.175,2026-07-28,2026-07-28,NA,NA,NA,NA,NA,NA,NA,NA,NA,NA,NA
"183",1991-03-01,"ALTSALES",12.616,2026-07-28,2026-07-28,NA,NA,NA,NA,NA,NA,NA,NA,NA,NA,NA
"184",1991-04-01,"ALTSALES",11.825,2026-07-28,2026-07-28,NA,NA,NA,NA,NA,NA,NA,NA,NA,NA,NA
"185",1991-05-01,"ALTSALES",12.27,2026-07-28,2026-07-28,NA,NA,NA,NA,NA,NA,NA,NA,NA,NA,NA
"186",1991-06-01,"ALTSALES",12.505,2026-07-28,2026-07-28,NA,NA,NA,NA,NA,NA,NA,NA,NA,NA,NA
"187",1991-07-01,"ALTSALES",12.742,2026-07-28,2026-07-28,NA,NA,NA,NA,NA,NA,NA,NA,NA,NA,NA
"188",1991-08-01,"ALTSALES",12.352,2026-07-28,2026-07-28,NA,NA,NA,NA,NA,NA,NA,NA,NA,NA,NA
"189",1991-09-01,"ALTSALES",12.89,2026-07-28,2026-07-28,NA,NA,NA,NA,NA,NA,NA,NA,NA,NA,NA
"190",1991-10-01,"ALTSALES",12.015,2026-07-28,2026-07-28,NA,NA,NA,NA,NA,NA,NA,NA,NA,NA,NA
"191",1991-11-01,"ALTSALES",12.364,2026-07-28,2026-07-28,NA,NA,NA,NA,NA,NA,NA,NA,NA,NA,NA
"192",1991-12-01,"ALTSALES",12.42,2026-07-28,2026-07-28,NA,NA,NA,NA,NA,NA,NA,NA,NA,NA,NA
"193",1992-01-01,"ALTSALES",12.367,2026-07-28,2026-07-28,NA,NA,NA,NA,NA,NA,NA,NA,NA,NA,NA
"194",1992-02-01,"ALTSALES",12.698,2026-07-28,2026-07-28,NA,NA,NA,NA,NA,NA,NA,NA,NA,NA,NA
"195",1992-03-01,"ALTSALES",12.592,2026-07-28,2026-07-28,NA,NA,NA,NA,NA,NA,NA,NA,NA,NA,NA
"196",1992-04-01,"ALTSALES",12.31,2026-07-28,2026-07-28,NA,NA,NA,NA,NA,NA,NA,NA,NA,NA,NA
"197",1992-05-01,"ALTSALES",12.86,2026-07-28,2026-07-28,NA,NA,NA,NA,NA,NA,NA,NA,NA,NA,NA
"198",1992-06-01,"ALTSALES",13.317,2026-07-28,2026-07-28,NA,NA,NA,NA,NA,NA,NA,NA,NA,NA,NA
"199",1992-07-01,"ALTSALES",12.6,2026-07-28,2026-07-28,NA,NA,NA,NA,NA,NA,NA,NA,NA,NA,NA
"200",1992-08-01,"ALTSALES",12.62,2026-07-28,2026-07-28,NA,NA,NA,NA,NA,NA,NA,NA,NA,NA,NA
"201",1992-09-01,"ALTSALES",13.114,2026-07-28,2026-07-28,NA,NA,NA,NA,NA,NA,NA,NA,NA,NA,NA
"202",1992-10-01,"ALTSALES",13.368,2026-07-28,2026-07-28,NA,NA,NA,NA,NA,NA,NA,NA,NA,NA,NA
"203",1992-11-01,"ALTSALES",12.958,2026-07-28,2026-07-28,NA,NA,NA,NA,NA,NA,NA,NA,NA,NA,NA
"204",1992-12-01,"ALTSALES",13.514,2026-07-28,2026-07-28,NA,NA,NA,NA,NA,NA,NA,NA,NA,NA,NA
"205",1993-01-01,"ALTSALES",13.193,2026-07-28,2026-07-28,NA,NA,NA,NA,NA,NA,NA,NA,NA,NA,NA
"206",1993-02-01,"ALTSALES",12.698,2026-07-28,2026-07-28,NA,NA,NA,NA,NA,NA,NA,NA,NA,NA,NA
"207",1993-03-01,"ALTSALES",13.041,2026-07-28,2026-07-28,NA,NA,NA,NA,NA,NA,NA,NA,NA,NA,NA
"208",1993-04-01,"ALTSALES",14.235,2026-07-28,2026-07-28,NA,NA,NA,NA,NA,NA,NA,NA,NA,NA,NA
"209",1993-05-01,"ALTSALES",14.212,2026-07-28,2026-07-28,NA,NA,NA,NA,NA,NA,NA,NA,NA,NA,NA
"210",1993-06-01,"ALTSALES",14.188,2026-07-28,2026-07-28,NA,NA,NA,NA,NA,NA,NA,NA,NA,NA,NA
"211",1993-07-01,"ALTSALES",14.143,2026-07-28,2026-07-28,NA,NA,NA,NA,NA,NA,NA,NA,NA,NA,NA
"212",1993-08-01,"ALTSALES",13.276,2026-07-28,2026-07-28,NA,NA,NA,NA,NA,NA,NA,NA,NA,NA,NA
"213",1993-09-01,"ALTSALES",13.676,2026-07-28,2026-07-28,NA,NA,NA,NA,NA,NA,NA,NA,NA,NA,NA
"214",1993-10-01,"ALTSALES",14.603,2026-07-28,2026-07-28,NA,NA,NA,NA,NA,NA,NA,NA,NA,NA,NA
"215",1993-11-01,"ALTSALES",14.539,2026-07-28,2026-07-28,NA,NA,NA,NA,NA,NA,NA,NA,NA,NA,NA
"216",1993-12-01,"ALTSALES",14.679,2026-07-28,2026-07-28,NA,NA,NA,NA,NA,NA,NA,NA,NA,NA,NA
"217",1994-01-01,"ALTSALES",15.035,2026-07-28,2026-07-28,NA,NA,NA,NA,NA,NA,NA,NA,NA,NA,NA
"218",1994-02-01,"ALTSALES",15.194,2026-07-28,2026-07-28,NA,NA,NA,NA,NA,NA,NA,NA,NA,NA,NA
"219",1994-03-01,"ALTSALES",14.974,2026-07-28,2026-07-28,NA,NA,NA,NA,NA,NA,NA,NA,NA,NA,NA
"220",1994-04-01,"ALTSALES",15.68,2026-07-28,2026-07-28,NA,NA,NA,NA,NA,NA,NA,NA,NA,NA,NA
"221",1994-05-01,"ALTSALES",14.249,2026-07-28,2026-07-28,NA,NA,NA,NA,NA,NA,NA,NA,NA,NA,NA
"222",1994-06-01,"ALTSALES",14.763,2026-07-28,2026-07-28,NA,NA,NA,NA,NA,NA,NA,NA,NA,NA,NA
"223",1994-07-01,"ALTSALES",14.522,2026-07-28,2026-07-28,NA,NA,NA,NA,NA,NA,NA,NA,NA,NA,NA
"224",1994-08-01,"ALTSALES",14.989,2026-07-28,2026-07-28,NA,NA,NA,NA,NA,NA,NA,NA,NA,NA,NA
"225",1994-09-01,"ALTSALES",14.911,2026-07-28,2026-07-28,NA,NA,NA,NA,NA,NA,NA,NA,NA,NA,NA
"226",1994-10-01,"ALTSALES",15.517,2026-07-28,2026-07-28,NA,NA,NA,NA,NA,NA,NA,NA,NA,NA,NA
"227",1994-11-01,"ALTSALES",15.5,2026-07-28,2026-07-28,NA,NA,NA,NA,NA,NA,NA,NA,NA,NA,NA
"228",1994-12-01,"ALTSALES",15.196,2026-07-28,2026-07-28,NA,NA,NA,NA,NA,NA,NA,NA,NA,NA,NA
"229",1995-01-01,"ALTSALES",14.363,2026-07-28,2026-07-28,NA,NA,NA,NA,NA,NA,NA,NA,NA,NA,NA
"230",1995-02-01,"ALTSALES",14.457,2026-07-28,2026-07-28,NA,NA,NA,NA,NA,NA,NA,NA,NA,NA,NA
"231",1995-03-01,"ALTSALES",14.865,2026-07-28,2026-07-28,NA,NA,NA,NA,NA,NA,NA,NA,NA,NA,NA
"232",1995-04-01,"ALTSALES",13.98,2026-07-28,2026-07-28,NA,NA,NA,NA,NA,NA,NA,NA,NA,NA,NA
"233",1995-05-01,"ALTSALES",14.418,2026-07-28,2026-07-28,NA,NA,NA,NA,NA,NA,NA,NA,NA,NA,NA
"234",1995-06-01,"ALTSALES",15.019,2026-07-28,2026-07-28,NA,NA,NA,NA,NA,NA,NA,NA,NA,NA,NA
"235",1995-07-01,"ALTSALES",14.326,2026-07-28,2026-07-28,NA,NA,NA,NA,NA,NA,NA,NA,NA,NA,NA
"236",1995-08-01,"ALTSALES",15.006,2026-07-28,2026-07-28,NA,NA,NA,NA,NA,NA,NA,NA,NA,NA,NA
"237",1995-09-01,"ALTSALES",14.959,2026-07-28,2026-07-28,NA,NA,NA,NA,NA,NA,NA,NA,NA,NA,NA
"238",1995-10-01,"ALTSALES",14.47,2026-07-28,2026-07-28,NA,NA,NA,NA,NA,NA,NA,NA,NA,NA,NA
"239",1995-11-01,"ALTSALES",15.012,2026-07-28,2026-07-28,NA,NA,NA,NA,NA,NA,NA,NA,NA,NA,NA
"240",1995-12-01,"ALTSALES",15.862,2026-07-28,2026-07-28,NA,NA,NA,NA,NA,NA,NA,NA,NA,NA,NA
"241",1996-01-01,"ALTSALES",14.449,2026-07-28,2026-07-28,NA,NA,NA,NA,NA,NA,NA,NA,NA,NA,NA
"242",1996-02-01,"ALTSALES",15.215,2026-07-28,2026-07-28,NA,NA,NA,NA,NA,NA,NA,NA,NA,NA,NA
"243",1996-03-01,"ALTSALES",15.679,2026-07-28,2026-07-28,NA,NA,NA,NA,NA,NA,NA,NA,NA,NA,NA
"244",1996-04-01,"ALTSALES",15.112,2026-07-28,2026-07-28,NA,NA,NA,NA,NA,NA,NA,NA,NA,NA,NA
"245",1996-05-01,"ALTSALES",15.624,2026-07-28,2026-07-28,NA,NA,NA,NA,NA,NA,NA,NA,NA,NA,NA
"246",1996-06-01,"ALTSALES",14.864,2026-07-28,2026-07-28,NA,NA,NA,NA,NA,NA,NA,NA,NA,NA,NA
"247",1996-07-01,"ALTSALES",14.7,2026-07-28,2026-07-28,NA,NA,NA,NA,NA,NA,NA,NA,NA,NA,NA
"248",1996-08-01,"ALTSALES",15.128,2026-07-28,2026-07-28,NA,NA,NA,NA,NA,NA,NA,NA,NA,NA,NA
"249",1996-09-01,"ALTSALES",15.184,2026-07-28,2026-07-28,NA,NA,NA,NA,NA,NA,NA,NA,NA,NA,NA
"250",1996-10-01,"ALTSALES",14.972,2026-07-28,2026-07-28,NA,NA,NA,NA,NA,NA,NA,NA,NA,NA,NA
"251",1996-11-01,"ALTSALES",15.392,2026-07-28,2026-07-28,NA,NA,NA,NA,NA,NA,NA,NA,NA,NA,NA
"252",1996-12-01,"ALTSALES",14.849,2026-07-28,2026-07-28,NA,NA,NA,NA,NA,NA,NA,NA,NA,NA,NA
"253",1997-01-01,"ALTSALES",15.332,2026-07-28,2026-07-28,NA,NA,NA,NA,NA,NA,NA,NA,NA,NA,NA
"254",1997-02-01,"ALTSALES",14.916,2026-07-28,2026-07-28,NA,NA,NA,NA,NA,NA,NA,NA,NA,NA,NA
"255",1997-03-01,"ALTSALES",15.444,2026-07-28,2026-07-28,NA,NA,NA,NA,NA,NA,NA,NA,NA,NA,NA
"256",1997-04-01,"ALTSALES",14.694,2026-07-28,2026-07-28,NA,NA,NA,NA,NA,NA,NA,NA,NA,NA,NA
"257",1997-05-01,"ALTSALES",14.717,2026-07-28,2026-07-28,NA,NA,NA,NA,NA,NA,NA,NA,NA,NA,NA
"258",1997-06-01,"ALTSALES",14.18,2026-07-28,2026-07-28,NA,NA,NA,NA,NA,NA,NA,NA,NA,NA,NA
"259",1997-07-01,"ALTSALES",15.194,2026-07-28,2026-07-28,NA,NA,NA,NA,NA,NA,NA,NA,NA,NA,NA
"260",1997-08-01,"ALTSALES",15.765,2026-07-28,2026-07-28,NA,NA,NA,NA,NA,NA,NA,NA,NA,NA,NA
"261",1997-09-01,"ALTSALES",14.711,2026-07-28,2026-07-28,NA,NA,NA,NA,NA,NA,NA,NA,NA,NA,NA
"262",1997-10-01,"ALTSALES",15.036,2026-07-28,2026-07-28,NA,NA,NA,NA,NA,NA,NA,NA,NA,NA,NA
"263",1997-11-01,"ALTSALES",15.421,2026-07-28,2026-07-28,NA,NA,NA,NA,NA,NA,NA,NA,NA,NA,NA
"264",1997-12-01,"ALTSALES",16.059,2026-07-28,2026-07-28,NA,NA,NA,NA,NA,NA,NA,NA,NA,NA,NA
"265",1998-01-01,"ALTSALES",14.4,2026-07-28,2026-07-28,NA,NA,NA,NA,NA,NA,NA,NA,NA,NA,NA
"266",1998-02-01,"ALTSALES",14.839,2026-07-28,2026-07-28,NA,NA,NA,NA,NA,NA,NA,NA,NA,NA,NA
"267",1998-03-01,"ALTSALES",15.001,2026-07-28,2026-07-28,NA,NA,NA,NA,NA,NA,NA,NA,NA,NA,NA
"268",1998-04-01,"ALTSALES",15.521,2026-07-28,2026-07-28,NA,NA,NA,NA,NA,NA,NA,NA,NA,NA,NA
"269",1998-05-01,"ALTSALES",16.649,2026-07-28,2026-07-28,NA,NA,NA,NA,NA,NA,NA,NA,NA,NA,NA
"270",1998-06-01,"ALTSALES",16.378,2026-07-28,2026-07-28,NA,NA,NA,NA,NA,NA,NA,NA,NA,NA,NA
"271",1998-07-01,"ALTSALES",14.255,2026-07-28,2026-07-28,NA,NA,NA,NA,NA,NA,NA,NA,NA,NA,NA
"272",1998-08-01,"ALTSALES",14.358,2026-07-28,2026-07-28,NA,NA,NA,NA,NA,NA,NA,NA,NA,NA,NA
"273",1998-09-01,"ALTSALES",15.862,2026-07-28,2026-07-28,NA,NA,NA,NA,NA,NA,NA,NA,NA,NA,NA
"274",1998-10-01,"ALTSALES",16.679,2026-07-28,2026-07-28,NA,NA,NA,NA,NA,NA,NA,NA,NA,NA,NA
"275",1998-11-01,"ALTSALES",15.631,2026-07-28,2026-07-28,NA,NA,NA,NA,NA,NA,NA,NA,NA,NA,NA
"276",1998-12-01,"ALTSALES",16.943,2026-07-28,2026-07-28,NA,NA,NA,NA,NA,NA,NA,NA,NA,NA,NA
"277",1999-01-01,"ALTSALES",16.094,2026-07-28,2026-07-28,NA,NA,NA,NA,NA,NA,NA,NA,NA,NA,NA
"278",1999-02-01,"ALTSALES",16.566,2026-07-28,2026-07-28,NA,NA,NA,NA,NA,NA,NA,NA,NA,NA,NA
"279",1999-03-01,"ALTSALES",16.332,2026-07-28,2026-07-28,NA,NA,NA,NA,NA,NA,NA,NA,NA,NA,NA
"280",1999-04-01,"ALTSALES",16.422,2026-07-28,2026-07-28,NA,NA,NA,NA,NA,NA,NA,NA,NA,NA,NA
"281",1999-05-01,"ALTSALES",17.059,2026-07-28,2026-07-28,NA,NA,NA,NA,NA,NA,NA,NA,NA,NA,NA
"282",1999-06-01,"ALTSALES",16.839,2026-07-28,2026-07-28,NA,NA,NA,NA,NA,NA,NA,NA,NA,NA,NA
"283",1999-07-01,"ALTSALES",17.171,2026-07-28,2026-07-28,NA,NA,NA,NA,NA,NA,NA,NA,NA,NA,NA
"284",1999-08-01,"ALTSALES",17.121,2026-07-28,2026-07-28,NA,NA,NA,NA,NA,NA,NA,NA,NA,NA,NA
"285",1999-09-01,"ALTSALES",17.116,2026-07-28,2026-07-28,NA,NA,NA,NA,NA,NA,NA,NA,NA,NA,NA
"286",1999-10-01,"ALTSALES",17.139,2026-07-28,2026-07-28,NA,NA,NA,NA,NA,NA,NA,NA,NA,NA,NA
"287",1999-11-01,"ALTSALES",17.072,2026-07-28,2026-07-28,NA,NA,NA,NA,NA,NA,NA,NA,NA,NA,NA
"288",1999-12-01,"ALTSALES",17.793,2026-07-28,2026-07-28,NA,NA,NA,NA,NA,NA,NA,NA,NA,NA,NA
"289",2000-01-01,"ALTSALES",18.114,2026-07-28,2026-07-28,NA,NA,NA,NA,NA,NA,NA,NA,NA,NA,NA
"290",2000-02-01,"ALTSALES",18.879,2026-07-28,2026-07-28,NA,NA,NA,NA,NA,NA,NA,NA,NA,NA,NA
"291",2000-03-01,"ALTSALES",17.822,2026-07-28,2026-07-28,NA,NA,NA,NA,NA,NA,NA,NA,NA,NA,NA
"292",2000-04-01,"ALTSALES",17.442,2026-07-28,2026-07-28,NA,NA,NA,NA,NA,NA,NA,NA,NA,NA,NA
"293",2000-05-01,"ALTSALES",17.467,2026-07-28,2026-07-28,NA,NA,NA,NA,NA,NA,NA,NA,NA,NA,NA
"294",2000-06-01,"ALTSALES",17.078,2026-07-28,2026-07-28,NA,NA,NA,NA,NA,NA,NA,NA,NA,NA,NA
"295",2000-07-01,"ALTSALES",16.851,2026-07-28,2026-07-28,NA,NA,NA,NA,NA,NA,NA,NA,NA,NA,NA
"296",2000-08-01,"ALTSALES",17.09,2026-07-28,2026-07-28,NA,NA,NA,NA,NA,NA,NA,NA,NA,NA,NA
"297",2000-09-01,"ALTSALES",18.245,2026-07-28,2026-07-28,NA,NA,NA,NA,NA,NA,NA,NA,NA,NA,NA
"298",2000-10-01,"ALTSALES",17.117,2026-07-28,2026-07-28,NA,NA,NA,NA,NA,NA,NA,NA,NA,NA,NA
"299",2000-11-01,"ALTSALES",16.259,2026-07-28,2026-07-28,NA,NA,NA,NA,NA,NA,NA,NA,NA,NA,NA
"300",2000-12-01,"ALTSALES",15.831,2026-07-28,2026-07-28,NA,NA,NA,NA,NA,NA,NA,NA,NA,NA,NA
"301",2001-01-01,"ALTSALES",17.251,2026-07-28,2026-07-28,NA,NA,NA,NA,NA,NA,NA,NA,NA,NA,NA
"302",2001-02-01,"ALTSALES",17.433,2026-07-28,2026-07-28,NA,NA,NA,NA,NA,NA,NA,NA,NA,NA,NA
"303",2001-03-01,"ALTSALES",16.868,2026-07-28,2026-07-28,NA,NA,NA,NA,NA,NA,NA,NA,NA,NA,NA
"304",2001-04-01,"ALTSALES",16.531,2026-07-28,2026-07-28,NA,NA,NA,NA,NA,NA,NA,NA,NA,NA,NA
"305",2001-05-01,"ALTSALES",16.503,2026-07-28,2026-07-28,NA,NA,NA,NA,NA,NA,NA,NA,NA,NA,NA
"306",2001-06-01,"ALTSALES",17.104,2026-07-28,2026-07-28,NA,NA,NA,NA,NA,NA,NA,NA,NA,NA,NA
"307",2001-07-01,"ALTSALES",16.123,2026-07-28,2026-07-28,NA,NA,NA,NA,NA,NA,NA,NA,NA,NA,NA
"308",2001-08-01,"ALTSALES",16.016,2026-07-28,2026-07-28,NA,NA,NA,NA,NA,NA,NA,NA,NA,NA,NA
"309",2001-09-01,"ALTSALES",16.056,2026-07-28,2026-07-28,NA,NA,NA,NA,NA,NA,NA,NA,NA,NA,NA
"310",2001-10-01,"ALTSALES",21.709,2026-07-28,2026-07-28,NA,NA,NA,NA,NA,NA,NA,NA,NA,NA,NA
"311",2001-11-01,"ALTSALES",17.725,2026-07-28,2026-07-28,NA,NA,NA,NA,NA,NA,NA,NA,NA,NA,NA
"312",2001-12-01,"ALTSALES",16.147,2026-07-28,2026-07-28,NA,NA,NA,NA,NA,NA,NA,NA,NA,NA,NA
"313",2002-01-01,"ALTSALES",16.22,2026-07-28,2026-07-28,NA,NA,NA,NA,NA,NA,NA,NA,NA,NA,NA
"314",2002-02-01,"ALTSALES",17.005,2026-07-28,2026-07-28,NA,NA,NA,NA,NA,NA,NA,NA,NA,NA,NA
"315",2002-03-01,"ALTSALES",16.788,2026-07-28,2026-07-28,NA,NA,NA,NA,NA,NA,NA,NA,NA,NA,NA
"316",2002-04-01,"ALTSALES",17.343,2026-07-28,2026-07-28,NA,NA,NA,NA,NA,NA,NA,NA,NA,NA,NA
"317",2002-05-01,"ALTSALES",15.844,2026-07-28,2026-07-28,NA,NA,NA,NA,NA,NA,NA,NA,NA,NA,NA
"318",2002-06-01,"ALTSALES",16.626,2026-07-28,2026-07-28,NA,NA,NA,NA,NA,NA,NA,NA,NA,NA,NA
"319",2002-07-01,"ALTSALES",17.829,2026-07-28,2026-07-28,NA,NA,NA,NA,NA,NA,NA,NA,NA,NA,NA
"320",2002-08-01,"ALTSALES",18.105,2026-07-28,2026-07-28,NA,NA,NA,NA,NA,NA,NA,NA,NA,NA,NA
"321",2002-09-01,"ALTSALES",16.326,2026-07-28,2026-07-28,NA,NA,NA,NA,NA,NA,NA,NA,NA,NA,NA
"322",2002-10-01,"ALTSALES",15.923,2026-07-28,2026-07-28,NA,NA,NA,NA,NA,NA,NA,NA,NA,NA,NA
"323",2002-11-01,"ALTSALES",16.195,2026-07-28,2026-07-28,NA,NA,NA,NA,NA,NA,NA,NA,NA,NA,NA
"324",2002-12-01,"ALTSALES",17.593,2026-07-28,2026-07-28,NA,NA,NA,NA,NA,NA,NA,NA,NA,NA,NA
"325",2003-01-01,"ALTSALES",16.426,2026-07-28,2026-07-28,NA,NA,NA,NA,NA,NA,NA,NA,NA,NA,NA
"326",2003-02-01,"ALTSALES",15.814,2026-07-28,2026-07-28,NA,NA,NA,NA,NA,NA,NA,NA,NA,NA,NA
"327",2003-03-01,"ALTSALES",16.173,2026-07-28,2026-07-28,NA,NA,NA,NA,NA,NA,NA,NA,NA,NA,NA
"328",2003-04-01,"ALTSALES",16.433,2026-07-28,2026-07-28,NA,NA,NA,NA,NA,NA,NA,NA,NA,NA,NA
"329",2003-05-01,"ALTSALES",16.152,2026-07-28,2026-07-28,NA,NA,NA,NA,NA,NA,NA,NA,NA,NA,NA
"330",2003-06-01,"ALTSALES",16.686,2026-07-28,2026-07-28,NA,NA,NA,NA,NA,NA,NA,NA,NA,NA,NA
"331",2003-07-01,"ALTSALES",16.777,2026-07-28,2026-07-28,NA,NA,NA,NA,NA,NA,NA,NA,NA,NA,NA
"332",2003-08-01,"ALTSALES",17.931,2026-07-28,2026-07-28,NA,NA,NA,NA,NA,NA,NA,NA,NA,NA,NA
"333",2003-09-01,"ALTSALES",16.945,2026-07-28,2026-07-28,NA,NA,NA,NA,NA,NA,NA,NA,NA,NA,NA
"334",2003-10-01,"ALTSALES",16.143,2026-07-28,2026-07-28,NA,NA,NA,NA,NA,NA,NA,NA,NA,NA,NA
"335",2003-11-01,"ALTSALES",17.197,2026-07-28,2026-07-28,NA,NA,NA,NA,NA,NA,NA,NA,NA,NA,NA
"336",2003-12-01,"ALTSALES",16.992,2026-07-28,2026-07-28,NA,NA,NA,NA,NA,NA,NA,NA,NA,NA,NA
"337",2004-01-01,"ALTSALES",16.304,2026-07-28,2026-07-28,NA,NA,NA,NA,NA,NA,NA,NA,NA,NA,NA
"338",2004-02-01,"ALTSALES",16.634,2026-07-28,2026-07-28,NA,NA,NA,NA,NA,NA,NA,NA,NA,NA,NA
"339",2004-03-01,"ALTSALES",16.837,2026-07-28,2026-07-28,NA,NA,NA,NA,NA,NA,NA,NA,NA,NA,NA
"340",2004-04-01,"ALTSALES",16.493,2026-07-28,2026-07-28,NA,NA,NA,NA,NA,NA,NA,NA,NA,NA,NA
"341",2004-05-01,"ALTSALES",17.759,2026-07-28,2026-07-28,NA,NA,NA,NA,NA,NA,NA,NA,NA,NA,NA
"342",2004-06-01,"ALTSALES",15.761,2026-07-28,2026-07-28,NA,NA,NA,NA,NA,NA,NA,NA,NA,NA,NA
"343",2004-07-01,"ALTSALES",16.87,2026-07-28,2026-07-28,NA,NA,NA,NA,NA,NA,NA,NA,NA,NA,NA
"344",2004-08-01,"ALTSALES",16.717,2026-07-28,2026-07-28,NA,NA,NA,NA,NA,NA,NA,NA,NA,NA,NA
"345",2004-09-01,"ALTSALES",17.432,2026-07-28,2026-07-28,NA,NA,NA,NA,NA,NA,NA,NA,NA,NA,NA
"346",2004-10-01,"ALTSALES",17.056,2026-07-28,2026-07-28,NA,NA,NA,NA,NA,NA,NA,NA,NA,NA,NA
"347",2004-11-01,"ALTSALES",16.912,2026-07-28,2026-07-28,NA,NA,NA,NA,NA,NA,NA,NA,NA,NA,NA
"348",2004-12-01,"ALTSALES",17.627,2026-07-28,2026-07-28,NA,NA,NA,NA,NA,NA,NA,NA,NA,NA,NA
"349",2005-01-01,"ALTSALES",16.37,2026-07-28,2026-07-28,NA,NA,NA,NA,NA,NA,NA,NA,NA,NA,NA
"350",2005-02-01,"ALTSALES",16.403,2026-07-28,2026-07-28,NA,NA,NA,NA,NA,NA,NA,NA,NA,NA,NA
"351",2005-03-01,"ALTSALES",16.93,2026-07-28,2026-07-28,NA,NA,NA,NA,NA,NA,NA,NA,NA,NA,NA
"352",2005-04-01,"ALTSALES",17.274,2026-07-28,2026-07-28,NA,NA,NA,NA,NA,NA,NA,NA,NA,NA,NA
"353",2005-05-01,"ALTSALES",16.928,2026-07-28,2026-07-28,NA,NA,NA,NA,NA,NA,NA,NA,NA,NA,NA
"354",2005-06-01,"ALTSALES",17.967,2026-07-28,2026-07-28,NA,NA,NA,NA,NA,NA,NA,NA,NA,NA,NA
"355",2005-07-01,"ALTSALES",20.607,2026-07-28,2026-07-28,NA,NA,NA,NA,NA,NA,NA,NA,NA,NA,NA
"356",2005-08-01,"ALTSALES",16.917,2026-07-28,2026-07-28,NA,NA,NA,NA,NA,NA,NA,NA,NA,NA,NA
"357",2005-09-01,"ALTSALES",16.427,2026-07-28,2026-07-28,NA,NA,NA,NA,NA,NA,NA,NA,NA,NA,NA
"358",2005-10-01,"ALTSALES",14.847,2026-07-28,2026-07-28,NA,NA,NA,NA,NA,NA,NA,NA,NA,NA,NA
"359",2005-11-01,"ALTSALES",16.022,2026-07-28,2026-07-28,NA,NA,NA,NA,NA,NA,NA,NA,NA,NA,NA
"360",2005-12-01,"ALTSALES",16.688,2026-07-28,2026-07-28,NA,NA,NA,NA,NA,NA,NA,NA,NA,NA,NA
"361",2006-01-01,"ALTSALES",17.572,2026-07-28,2026-07-28,NA,NA,NA,NA,NA,NA,NA,NA,NA,NA,NA
"362",2006-02-01,"ALTSALES",16.515,2026-07-28,2026-07-28,NA,NA,NA,NA,NA,NA,NA,NA,NA,NA,NA
"363",2006-03-01,"ALTSALES",16.409,2026-07-28,2026-07-28,NA,NA,NA,NA,NA,NA,NA,NA,NA,NA,NA
"364",2006-04-01,"ALTSALES",16.568,2026-07-28,2026-07-28,NA,NA,NA,NA,NA,NA,NA,NA,NA,NA,NA
"365",2006-05-01,"ALTSALES",16.17,2026-07-28,2026-07-28,NA,NA,NA,NA,NA,NA,NA,NA,NA,NA,NA
"366",2006-06-01,"ALTSALES",16.352,2026-07-28,2026-07-28,NA,NA,NA,NA,NA,NA,NA,NA,NA,NA,NA
"367",2006-07-01,"ALTSALES",17.125,2026-07-28,2026-07-28,NA,NA,NA,NA,NA,NA,NA,NA,NA,NA,NA
"368",2006-08-01,"ALTSALES",15.901,2026-07-28,2026-07-28,NA,NA,NA,NA,NA,NA,NA,NA,NA,NA,NA
"369",2006-09-01,"ALTSALES",16.419,2026-07-28,2026-07-28,NA,NA,NA,NA,NA,NA,NA,NA,NA,NA,NA
"370",2006-10-01,"ALTSALES",16.322,2026-07-28,2026-07-28,NA,NA,NA,NA,NA,NA,NA,NA,NA,NA,NA
"371",2006-11-01,"ALTSALES",16.128,2026-07-28,2026-07-28,NA,NA,NA,NA,NA,NA,NA,NA,NA,NA,NA
"372",2006-12-01,"ALTSALES",16.569,2026-07-28,2026-07-28,NA,NA,NA,NA,NA,NA,NA,NA,NA,NA,NA
"373",2007-01-01,"ALTSALES",16.402,2026-07-28,2026-07-28,"2007-01","NUS","U.S.","EPM0","Total Gasoline","PTE","Retail Sales","EMM_EPM0_PTE_NUS_DPG","U.S. All Grades All Formulations Retail Gasoline Prices (Dollars per Gallon)","2.289","$/GAL"
"374",2007-02-01,"ALTSALES",16.704,2026-07-28,2026-07-28,"2007-02","NUS","U.S.","EPM0","Total Gasoline","PTE","Retail Sales","EMM_EPM0_PTE_NUS_DPG","U.S. All Grades All Formulations Retail Gasoline Prices (Dollars per Gallon)","2.323","$/GAL"
"375",2007-03-01,"ALTSALES",16.015,2026-07-28,2026-07-28,"2007-03","NUS","U.S.","EPM0","Total Gasoline","PTE","Retail Sales","EMM_EPM0_PTE_NUS_DPG","U.S. All Grades All Formulations Retail Gasoline Prices (Dollars per Gallon)","2.609","$/GAL"
"376",2007-04-01,"ALTSALES",16.215,2026-07-28,2026-07-28,"2007-04","NUS","U.S.","EPM0","Total Gasoline","PTE","Retail Sales","EMM_EPM0_PTE_NUS_DPG","U.S. All Grades All Formulations Retail Gasoline Prices (Dollars per Gallon)","2.891","$/GAL"
"377",2007-05-01,"ALTSALES",16.296,2026-07-28,2026-07-28,"2007-05","NUS","U.S.","EPM0","Total Gasoline","PTE","Retail Sales","EMM_EPM0_PTE_NUS_DPG","U.S. All Grades All Formulations Retail Gasoline Prices (Dollars per Gallon)","3.187","$/GAL"
"378",2007-06-01,"ALTSALES",15.823,2026-07-28,2026-07-28,"2007-06","NUS","U.S.","EPM0","Total Gasoline","PTE","Retail Sales","EMM_EPM0_PTE_NUS_DPG","U.S. All Grades All Formulations Retail Gasoline Prices (Dollars per Gallon)","3.102","$/GAL"
"379",2007-07-01,"ALTSALES",15.499,2026-07-28,2026-07-28,"2007-07","NUS","U.S.","EPM0","Total Gasoline","PTE","Retail Sales","EMM_EPM0_PTE_NUS_DPG","U.S. All Grades All Formulations Retail Gasoline Prices (Dollars per Gallon)","3.011","$/GAL"
"380",2007-08-01,"ALTSALES",16.034,2026-07-28,2026-07-28,"2007-08","NUS","U.S.","EPM0","Total Gasoline","PTE","Retail Sales","EMM_EPM0_PTE_NUS_DPG","U.S. All Grades All Formulations Retail Gasoline Prices (Dollars per Gallon)","2.834","$/GAL"
"381",2007-09-01,"ALTSALES",16.2,2026-07-28,2026-07-28,"2007-09","NUS","U.S.","EPM0","Total Gasoline","PTE","Retail Sales","EMM_EPM0_PTE_NUS_DPG","U.S. All Grades All Formulations Retail Gasoline Prices (Dollars per Gallon)","2.849","$/GAL"
"382",2007-10-01,"ALTSALES",16.127,2026-07-28,2026-07-28,"2007-10","NUS","U.S.","EPM0","Total Gasoline","PTE","Retail Sales","EMM_EPM0_PTE_NUS_DPG","U.S. All Grades All Formulations Retail Gasoline Prices (Dollars per Gallon)","2.853","$/GAL"
"383",2007-11-01,"ALTSALES",16.038,2026-07-28,2026-07-28,"2007-11","NUS","U.S.","EPM0","Total Gasoline","PTE","Retail Sales","EMM_EPM0_PTE_NUS_DPG","U.S. All Grades All Formulations Retail Gasoline Prices (Dollars per Gallon)","3.128","$/GAL"
"384",2007-12-01,"ALTSALES",15.718,2026-07-28,2026-07-28,"2007-12","NUS","U.S.","EPM0","Total Gasoline","PTE","Retail Sales","EMM_EPM0_PTE_NUS_DPG","U.S. All Grades All Formulations Retail Gasoline Prices (Dollars per Gallon)","3.07","$/GAL"
"385",2008-01-01,"ALTSALES",15.383,2026-07-28,2026-07-28,"2008-01","NUS","U.S.","EPM0","Total Gasoline","PTE","Retail Sales","EMM_EPM0_PTE_NUS_DPG","U.S. All Grades All Formulations Retail Gasoline Prices (Dollars per Gallon)","3.095","$/GAL"
"386",2008-02-01,"ALTSALES",15.166,2026-07-28,2026-07-28,"2008-02","NUS","U.S.","EPM0","Total Gasoline","PTE","Retail Sales","EMM_EPM0_PTE_NUS_DPG","U.S. All Grades All Formulations Retail Gasoline Prices (Dollars per Gallon)","3.078","$/GAL"
"387",2008-03-01,"ALTSALES",14.795,2026-07-28,2026-07-28,"2008-03","NUS","U.S.","EPM0","Total Gasoline","PTE","Retail Sales","EMM_EPM0_PTE_NUS_DPG","U.S. All Grades All Formulations Retail Gasoline Prices (Dollars per Gallon)","3.293","$/GAL"
"388",2008-04-01,"ALTSALES",14.268,2026-07-28,2026-07-28,"2008-04","NUS","U.S.","EPM0","Total Gasoline","PTE","Retail Sales","EMM_EPM0_PTE_NUS_DPG","U.S. All Grades All Formulations Retail Gasoline Prices (Dollars per Gallon)","3.507","$/GAL"
"389",2008-05-01,"ALTSALES",14.364,2026-07-28,2026-07-28,"2008-05","NUS","U.S.","EPM0","Total Gasoline","PTE","Retail Sales","EMM_EPM0_PTE_NUS_DPG","U.S. All Grades All Formulations Retail Gasoline Prices (Dollars per Gallon)","3.815","$/GAL"
"390",2008-06-01,"ALTSALES",14.065,2026-07-28,2026-07-28,"2008-06","NUS","U.S.","EPM0","Total Gasoline","PTE","Retail Sales","EMM_EPM0_PTE_NUS_DPG","U.S. All Grades All Formulations Retail Gasoline Prices (Dollars per Gallon)","4.105","$/GAL"
"391",2008-07-01,"ALTSALES",12.715,2026-07-28,2026-07-28,"2008-07","NUS","U.S.","EPM0","Total Gasoline","PTE","Retail Sales","EMM_EPM0_PTE_NUS_DPG","U.S. All Grades All Formulations Retail Gasoline Prices (Dollars per Gallon)","4.114","$/GAL"
"392",2008-08-01,"ALTSALES",13.834,2026-07-28,2026-07-28,"2008-08","NUS","U.S.","EPM0","Total Gasoline","PTE","Retail Sales","EMM_EPM0_PTE_NUS_DPG","U.S. All Grades All Formulations Retail Gasoline Prices (Dollars per Gallon)","3.833","$/GAL"
"393",2008-09-01,"ALTSALES",12.688,2026-07-28,2026-07-28,"2008-09","NUS","U.S.","EPM0","Total Gasoline","PTE","Retail Sales","EMM_EPM0_PTE_NUS_DPG","U.S. All Grades All Formulations Retail Gasoline Prices (Dollars per Gallon)","3.756","$/GAL"
"394",2008-10-01,"ALTSALES",10.666,2026-07-28,2026-07-28,"2008-10","NUS","U.S.","EPM0","Total Gasoline","PTE","Retail Sales","EMM_EPM0_PTE_NUS_DPG","U.S. All Grades All Formulations Retail Gasoline Prices (Dollars per Gallon)","3.112","$/GAL"
"395",2008-11-01,"ALTSALES",10.255,2026-07-28,2026-07-28,"2008-11","NUS","U.S.","EPM0","Total Gasoline","PTE","Retail Sales","EMM_EPM0_PTE_NUS_DPG","U.S. All Grades All Formulations Retail Gasoline Prices (Dollars per Gallon)","2.208","$/GAL"
"396",2008-12-01,"ALTSALES",10.141,2026-07-28,2026-07-28,"2008-12","NUS","U.S.","EPM0","Total Gasoline","PTE","Retail Sales","EMM_EPM0_PTE_NUS_DPG","U.S. All Grades All Formulations Retail Gasoline Prices (Dollars per Gallon)","1.745","$/GAL"
"397",2009-01-01,"ALTSALES",9.573,2026-07-28,2026-07-28,"2009-01","NUS","U.S.","EPM0","Total Gasoline","PTE","Retail Sales","EMM_EPM0_PTE_NUS_DPG","U.S. All Grades All Formulations Retail Gasoline Prices (Dollars per Gallon)","1.84","$/GAL"
"398",2009-02-01,"ALTSALES",9.023,2026-07-28,2026-07-28,"2009-02","NUS","U.S.","EPM0","Total Gasoline","PTE","Retail Sales","EMM_EPM0_PTE_NUS_DPG","U.S. All Grades All Formulations Retail Gasoline Prices (Dollars per Gallon)","1.975","$/GAL"
"399",2009-03-01,"ALTSALES",9.552,2026-07-28,2026-07-28,"2009-03","NUS","U.S.","EPM0","Total Gasoline","PTE","Retail Sales","EMM_EPM0_PTE_NUS_DPG","U.S. All Grades All Formulations Retail Gasoline Prices (Dollars per Gallon)","2.011","$/GAL"
"400",2009-04-01,"ALTSALES",9.197,2026-07-28,2026-07-28,"2009-04","NUS","U.S.","EPM0","Total Gasoline","PTE","Retail Sales","EMM_EPM0_PTE_NUS_DPG","U.S. All Grades All Formulations Retail Gasoline Prices (Dollars per Gallon)","2.102","$/GAL"
"401",2009-05-01,"ALTSALES",9.996,2026-07-28,2026-07-28,"2009-05","NUS","U.S.","EPM0","Total Gasoline","PTE","Retail Sales","EMM_EPM0_PTE_NUS_DPG","U.S. All Grades All Formulations Retail Gasoline Prices (Dollars per Gallon)","2.316","$/GAL"
"402",2009-06-01,"ALTSALES",9.956,2026-07-28,2026-07-28,"2009-06","NUS","U.S.","EPM0","Total Gasoline","PTE","Retail Sales","EMM_EPM0_PTE_NUS_DPG","U.S. All Grades All Formulations Retail Gasoline Prices (Dollars per Gallon)","2.681","$/GAL"
"403",2009-07-01,"ALTSALES",11.37,2026-07-28,2026-07-28,"2009-07","NUS","U.S.","EPM0","Total Gasoline","PTE","Retail Sales","EMM_EPM0_PTE_NUS_DPG","U.S. All Grades All Formulations Retail Gasoline Prices (Dollars per Gallon)","2.582","$/GAL"
"404",2009-08-01,"ALTSALES",14.568,2026-07-28,2026-07-28,"2009-08","NUS","U.S.","EPM0","Total Gasoline","PTE","Retail Sales","EMM_EPM0_PTE_NUS_DPG","U.S. All Grades All Formulations Retail Gasoline Prices (Dollars per Gallon)","2.67","$/GAL"
"405",2009-09-01,"ALTSALES",9.347,2026-07-28,2026-07-28,"2009-09","NUS","U.S.","EPM0","Total Gasoline","PTE","Retail Sales","EMM_EPM0_PTE_NUS_DPG","U.S. All Grades All Formulations Retail Gasoline Prices (Dollars per Gallon)","2.609","$/GAL"
"406",2009-10-01,"ALTSALES",10.371,2026-07-28,2026-07-28,"2009-10","NUS","U.S.","EPM0","Total Gasoline","PTE","Retail Sales","EMM_EPM0_PTE_NUS_DPG","U.S. All Grades All Formulations Retail Gasoline Prices (Dollars per Gallon)","2.605","$/GAL"
"407",2009-11-01,"ALTSALES",10.817,2026-07-28,2026-07-28,"2009-11","NUS","U.S.","EPM0","Total Gasoline","PTE","Retail Sales","EMM_EPM0_PTE_NUS_DPG","U.S. All Grades All Formulations Retail Gasoline Prices (Dollars per Gallon)","2.706","$/GAL"
"408",2009-12-01,"ALTSALES",11.06,2026-07-28,2026-07-28,"2009-12","NUS","U.S.","EPM0","Total Gasoline","PTE","Retail Sales","EMM_EPM0_PTE_NUS_DPG","U.S. All Grades All Formulations Retail Gasoline Prices (Dollars per Gallon)","2.663","$/GAL"
"409",2010-01-01,"ALTSALES",10.669,2026-07-28,2026-07-28,"2010-01","NUS","U.S.","EPM0","Total Gasoline","PTE","Retail Sales","EMM_EPM0_PTE_NUS_DPG","U.S. All Grades All Formulations Retail Gasoline Prices (Dollars per Gallon)","2.769","$/GAL"
"410",2010-02-01,"ALTSALES",10.108,2026-07-28,2026-07-28,"2010-02","NUS","U.S.","EPM0","Total Gasoline","PTE","Retail Sales","EMM_EPM0_PTE_NUS_DPG","U.S. All Grades All Formulations Retail Gasoline Prices (Dollars per Gallon)","2.699","$/GAL"
"411",2010-03-01,"ALTSALES",11.553,2026-07-28,2026-07-28,"2010-03","NUS","U.S.","EPM0","Total Gasoline","PTE","Retail Sales","EMM_EPM0_PTE_NUS_DPG","U.S. All Grades All Formulations Retail Gasoline Prices (Dollars per Gallon)","2.824","$/GAL"
"412",2010-04-01,"ALTSALES",11.249,2026-07-28,2026-07-28,"2010-04","NUS","U.S.","EPM0","Total Gasoline","PTE","Retail Sales","EMM_EPM0_PTE_NUS_DPG","U.S. All Grades All Formulations Retail Gasoline Prices (Dollars per Gallon)","2.9","$/GAL"
"413",2010-05-01,"ALTSALES",11.821,2026-07-28,2026-07-28,"2010-05","NUS","U.S.","EPM0","Total Gasoline","PTE","Retail Sales","EMM_EPM0_PTE_NUS_DPG","U.S. All Grades All Formulations Retail Gasoline Prices (Dollars per Gallon)","2.89","$/GAL"
"414",2010-06-01,"ALTSALES",11.385,2026-07-28,2026-07-28,"2010-06","NUS","U.S.","EPM0","Total Gasoline","PTE","Retail Sales","EMM_EPM0_PTE_NUS_DPG","U.S. All Grades All Formulations Retail Gasoline Prices (Dollars per Gallon)","2.785","$/GAL"
"415",2010-07-01,"ALTSALES",11.715,2026-07-28,2026-07-28,"2010-07","NUS","U.S.","EPM0","Total Gasoline","PTE","Retail Sales","EMM_EPM0_PTE_NUS_DPG","U.S. All Grades All Formulations Retail Gasoline Prices (Dollars per Gallon)","2.782","$/GAL"
"416",2010-08-01,"ALTSALES",11.802,2026-07-28,2026-07-28,"2010-08","NUS","U.S.","EPM0","Total Gasoline","PTE","Retail Sales","EMM_EPM0_PTE_NUS_DPG","U.S. All Grades All Formulations Retail Gasoline Prices (Dollars per Gallon)","2.783","$/GAL"
"417",2010-09-01,"ALTSALES",11.703,2026-07-28,2026-07-28,"2010-09","NUS","U.S.","EPM0","Total Gasoline","PTE","Retail Sales","EMM_EPM0_PTE_NUS_DPG","U.S. All Grades All Formulations Retail Gasoline Prices (Dollars per Gallon)","2.757","$/GAL"
"418",2010-10-01,"ALTSALES",12.199,2026-07-28,2026-07-28,"2010-10","NUS","U.S.","EPM0","Total Gasoline","PTE","Retail Sales","EMM_EPM0_PTE_NUS_DPG","U.S. All Grades All Formulations Retail Gasoline Prices (Dollars per Gallon)","2.853","$/GAL"
"419",2010-11-01,"ALTSALES",12.07,2026-07-28,2026-07-28,"2010-11","NUS","U.S.","EPM0","Total Gasoline","PTE","Retail Sales","EMM_EPM0_PTE_NUS_DPG","U.S. All Grades All Formulations Retail Gasoline Prices (Dollars per Gallon)","2.913","$/GAL"
"420",2010-12-01,"ALTSALES",12.383,2026-07-28,2026-07-28,"2010-12","NUS","U.S.","EPM0","Total Gasoline","PTE","Retail Sales","EMM_EPM0_PTE_NUS_DPG","U.S. All Grades All Formulations Retail Gasoline Prices (Dollars per Gallon)","3.048","$/GAL"
"421",2011-01-01,"ALTSALES",12.547,2026-07-28,2026-07-28,"2011-01","NUS","U.S.","EPM0","Total Gasoline","PTE","Retail Sales","EMM_EPM0_PTE_NUS_DPG","U.S. All Grades All Formulations Retail Gasoline Prices (Dollars per Gallon)","3.148","$/GAL"
"422",2011-02-01,"ALTSALES",12.815,2026-07-28,2026-07-28,"2011-02","NUS","U.S.","EPM0","Total Gasoline","PTE","Retail Sales","EMM_EPM0_PTE_NUS_DPG","U.S. All Grades All Formulations Retail Gasoline Prices (Dollars per Gallon)","3.264","$/GAL"
"423",2011-03-01,"ALTSALES",12.984,2026-07-28,2026-07-28,"2011-03","NUS","U.S.","EPM0","Total Gasoline","PTE","Retail Sales","EMM_EPM0_PTE_NUS_DPG","U.S. All Grades All Formulations Retail Gasoline Prices (Dollars per Gallon)","3.615","$/GAL"
"424",2011-04-01,"ALTSALES",13.037,2026-07-28,2026-07-28,"2011-04","NUS","U.S.","EPM0","Total Gasoline","PTE","Retail Sales","EMM_EPM0_PTE_NUS_DPG","U.S. All Grades All Formulations Retail Gasoline Prices (Dollars per Gallon)","3.852","$/GAL"
"425",2011-05-01,"ALTSALES",11.98,2026-07-28,2026-07-28,"2011-05","NUS","U.S.","EPM0","Total Gasoline","PTE","Retail Sales","EMM_EPM0_PTE_NUS_DPG","U.S. All Grades All Formulations Retail Gasoline Prices (Dollars per Gallon)","3.96","$/GAL"
"426",2011-06-01,"ALTSALES",11.581,2026-07-28,2026-07-28,"2011-06","NUS","U.S.","EPM0","Total Gasoline","PTE","Retail Sales","EMM_EPM0_PTE_NUS_DPG","U.S. All Grades All Formulations Retail Gasoline Prices (Dollars per Gallon)","3.735","$/GAL"
"427",2011-07-01,"ALTSALES",12.419,2026-07-28,2026-07-28,"2011-07","NUS","U.S.","EPM0","Total Gasoline","PTE","Retail Sales","EMM_EPM0_PTE_NUS_DPG","U.S. All Grades All Formulations Retail Gasoline Prices (Dollars per Gallon)","3.705","$/GAL"
"428",2011-08-01,"ALTSALES",12.277,2026-07-28,2026-07-28,"2011-08","NUS","U.S.","EPM0","Total Gasoline","PTE","Retail Sales","EMM_EPM0_PTE_NUS_DPG","U.S. All Grades All Formulations Retail Gasoline Prices (Dollars per Gallon)","3.696","$/GAL"
"429",2011-09-01,"ALTSALES",13.026,2026-07-28,2026-07-28,"2011-09","NUS","U.S.","EPM0","Total Gasoline","PTE","Retail Sales","EMM_EPM0_PTE_NUS_DPG","U.S. All Grades All Formulations Retail Gasoline Prices (Dollars per Gallon)","3.667","$/GAL"
"430",2011-10-01,"ALTSALES",13.391,2026-07-28,2026-07-28,"2011-10","NUS","U.S.","EPM0","Total Gasoline","PTE","Retail Sales","EMM_EPM0_PTE_NUS_DPG","U.S. All Grades All Formulations Retail Gasoline Prices (Dollars per Gallon)","3.506","$/GAL"
"431",2011-11-01,"ALTSALES",13.406,2026-07-28,2026-07-28,"2011-11","NUS","U.S.","EPM0","Total Gasoline","PTE","Retail Sales","EMM_EPM0_PTE_NUS_DPG","U.S. All Grades All Formulations Retail Gasoline Prices (Dollars per Gallon)","3.443","$/GAL"
"432",2011-12-01,"ALTSALES",13.455,2026-07-28,2026-07-28,"2011-12","NUS","U.S.","EPM0","Total Gasoline","PTE","Retail Sales","EMM_EPM0_PTE_NUS_DPG","U.S. All Grades All Formulations Retail Gasoline Prices (Dollars per Gallon)","3.326","$/GAL"
"433",2012-01-01,"ALTSALES",14.058,2026-07-28,2026-07-28,"2012-01","NUS","U.S.","EPM0","Total Gasoline","PTE","Retail Sales","EMM_EPM0_PTE_NUS_DPG","U.S. All Grades All Formulations Retail Gasoline Prices (Dollars per Gallon)","3.44","$/GAL"
"434",2012-02-01,"ALTSALES",14.617,2026-07-28,2026-07-28,"2012-02","NUS","U.S.","EPM0","Total Gasoline","PTE","Retail Sales","EMM_EPM0_PTE_NUS_DPG","U.S. All Grades All Formulations Retail Gasoline Prices (Dollars per Gallon)","3.64","$/GAL"
"435",2012-03-01,"ALTSALES",14.237,2026-07-28,2026-07-28,"2012-03","NUS","U.S.","EPM0","Total Gasoline","PTE","Retail Sales","EMM_EPM0_PTE_NUS_DPG","U.S. All Grades All Formulations Retail Gasoline Prices (Dollars per Gallon)","3.907","$/GAL"
"436",2012-04-01,"ALTSALES",14.408,2026-07-28,2026-07-28,"2012-04","NUS","U.S.","EPM0","Total Gasoline","PTE","Retail Sales","EMM_EPM0_PTE_NUS_DPG","U.S. All Grades All Formulations Retail Gasoline Prices (Dollars per Gallon)","3.958","$/GAL"
"437",2012-05-01,"ALTSALES",14.135,2026-07-28,2026-07-28,"2012-05","NUS","U.S.","EPM0","Total Gasoline","PTE","Retail Sales","EMM_EPM0_PTE_NUS_DPG","U.S. All Grades All Formulations Retail Gasoline Prices (Dollars per Gallon)","3.791","$/GAL"
"438",2012-06-01,"ALTSALES",14.118,2026-07-28,2026-07-28,"2012-06","NUS","U.S.","EPM0","Total Gasoline","PTE","Retail Sales","EMM_EPM0_PTE_NUS_DPG","U.S. All Grades All Formulations Retail Gasoline Prices (Dollars per Gallon)","3.596","$/GAL"
"439",2012-07-01,"ALTSALES",14.027,2026-07-28,2026-07-28,"2012-07","NUS","U.S.","EPM0","Total Gasoline","PTE","Retail Sales","EMM_EPM0_PTE_NUS_DPG","U.S. All Grades All Formulations Retail Gasoline Prices (Dollars per Gallon)","3.498","$/GAL"
"440",2012-08-01,"ALTSALES",14.092,2026-07-28,2026-07-28,"2012-08","NUS","U.S.","EPM0","Total Gasoline","PTE","Retail Sales","EMM_EPM0_PTE_NUS_DPG","U.S. All Grades All Formulations Retail Gasoline Prices (Dollars per Gallon)","3.78","$/GAL"
"441",2012-09-01,"ALTSALES",14.759,2026-07-28,2026-07-28,"2012-09","NUS","U.S.","EPM0","Total Gasoline","PTE","Retail Sales","EMM_EPM0_PTE_NUS_DPG","U.S. All Grades All Formulations Retail Gasoline Prices (Dollars per Gallon)","3.91","$/GAL"
"442",2012-10-01,"ALTSALES",14.514,2026-07-28,2026-07-28,"2012-10","NUS","U.S.","EPM0","Total Gasoline","PTE","Retail Sales","EMM_EPM0_PTE_NUS_DPG","U.S. All Grades All Formulations Retail Gasoline Prices (Dollars per Gallon)","3.812","$/GAL"
"443",2012-11-01,"ALTSALES",15.13,2026-07-28,2026-07-28,"2012-11","NUS","U.S.","EPM0","Total Gasoline","PTE","Retail Sales","EMM_EPM0_PTE_NUS_DPG","U.S. All Grades All Formulations Retail Gasoline Prices (Dollars per Gallon)","3.521","$/GAL"
"444",2012-12-01,"ALTSALES",15.121,2026-07-28,2026-07-28,"2012-12","NUS","U.S.","EPM0","Total Gasoline","PTE","Retail Sales","EMM_EPM0_PTE_NUS_DPG","U.S. All Grades All Formulations Retail Gasoline Prices (Dollars per Gallon)","3.381","$/GAL"
"445",2013-01-01,"ALTSALES",15.474,2026-07-28,2026-07-28,"2013-01","NUS","U.S.","EPM0","Total Gasoline","PTE","Retail Sales","EMM_EPM0_PTE_NUS_DPG","U.S. All Grades All Formulations Retail Gasoline Prices (Dollars per Gallon)","3.391","$/GAL"
"446",2013-02-01,"ALTSALES",15.516,2026-07-28,2026-07-28,"2013-02","NUS","U.S.","EPM0","Total Gasoline","PTE","Retail Sales","EMM_EPM0_PTE_NUS_DPG","U.S. All Grades All Formulations Retail Gasoline Prices (Dollars per Gallon)","3.736","$/GAL"
"447",2013-03-01,"ALTSALES",15.412,2026-07-28,2026-07-28,"2013-03","NUS","U.S.","EPM0","Total Gasoline","PTE","Retail Sales","EMM_EPM0_PTE_NUS_DPG","U.S. All Grades All Formulations Retail Gasoline Prices (Dollars per Gallon)","3.779","$/GAL"
"448",2013-04-01,"ALTSALES",15.451,2026-07-28,2026-07-28,"2013-04","NUS","U.S.","EPM0","Total Gasoline","PTE","Retail Sales","EMM_EPM0_PTE_NUS_DPG","U.S. All Grades All Formulations Retail Gasoline Prices (Dollars per Gallon)","3.638","$/GAL"
"449",2013-05-01,"ALTSALES",15.537,2026-07-28,2026-07-28,"2013-05","NUS","U.S.","EPM0","Total Gasoline","PTE","Retail Sales","EMM_EPM0_PTE_NUS_DPG","U.S. All Grades All Formulations Retail Gasoline Prices (Dollars per Gallon)","3.675","$/GAL"
"450",2013-06-01,"ALTSALES",15.774,2026-07-28,2026-07-28,"2013-06","NUS","U.S.","EPM0","Total Gasoline","PTE","Retail Sales","EMM_EPM0_PTE_NUS_DPG","U.S. All Grades All Formulations Retail Gasoline Prices (Dollars per Gallon)","3.689","$/GAL"
"451",2013-07-01,"ALTSALES",15.674,2026-07-28,2026-07-28,"2013-07","NUS","U.S.","EPM0","Total Gasoline","PTE","Retail Sales","EMM_EPM0_PTE_NUS_DPG","U.S. All Grades All Formulations Retail Gasoline Prices (Dollars per Gallon)","3.661","$/GAL"
"452",2013-08-01,"ALTSALES",15.486,2026-07-28,2026-07-28,"2013-08","NUS","U.S.","EPM0","Total Gasoline","PTE","Retail Sales","EMM_EPM0_PTE_NUS_DPG","U.S. All Grades All Formulations Retail Gasoline Prices (Dollars per Gallon)","3.645","$/GAL"
"453",2013-09-01,"ALTSALES",15.506,2026-07-28,2026-07-28,"2013-09","NUS","U.S.","EPM0","Total Gasoline","PTE","Retail Sales","EMM_EPM0_PTE_NUS_DPG","U.S. All Grades All Formulations Retail Gasoline Prices (Dollars per Gallon)","3.604","$/GAL"
"454",2013-10-01,"ALTSALES",15.354,2026-07-28,2026-07-28,"2013-10","NUS","U.S.","EPM0","Total Gasoline","PTE","Retail Sales","EMM_EPM0_PTE_NUS_DPG","U.S. All Grades All Formulations Retail Gasoline Prices (Dollars per Gallon)","3.42","$/GAL"
"455",2013-11-01,"ALTSALES",15.714,2026-07-28,2026-07-28,"2013-11","NUS","U.S.","EPM0","Total Gasoline","PTE","Retail Sales","EMM_EPM0_PTE_NUS_DPG","U.S. All Grades All Formulations Retail Gasoline Prices (Dollars per Gallon)","3.322","$/GAL"
"456",2013-12-01,"ALTSALES",15.463,2026-07-28,2026-07-28,"2013-12","NUS","U.S.","EPM0","Total Gasoline","PTE","Retail Sales","EMM_EPM0_PTE_NUS_DPG","U.S. All Grades All Formulations Retail Gasoline Prices (Dollars per Gallon)","3.357","$/GAL"
"457",2014-01-01,"ALTSALES",15.249,2026-07-28,2026-07-28,"2014-01","NUS","U.S.","EPM0","Total Gasoline","PTE","Retail Sales","EMM_EPM0_PTE_NUS_DPG","U.S. All Grades All Formulations Retail Gasoline Prices (Dollars per Gallon)","3.392","$/GAL"
"458",2014-02-01,"ALTSALES",15.617,2026-07-28,2026-07-28,"2014-02","NUS","U.S.","EPM0","Total Gasoline","PTE","Retail Sales","EMM_EPM0_PTE_NUS_DPG","U.S. All Grades All Formulations Retail Gasoline Prices (Dollars per Gallon)","3.434","$/GAL"
"459",2014-03-01,"ALTSALES",16.606,2026-07-28,2026-07-28,"2014-03","NUS","U.S.","EPM0","Total Gasoline","PTE","Retail Sales","EMM_EPM0_PTE_NUS_DPG","U.S. All Grades All Formulations Retail Gasoline Prices (Dollars per Gallon)","3.606","$/GAL"
"460",2014-04-01,"ALTSALES",16.28,2026-07-28,2026-07-28,"2014-04","NUS","U.S.","EPM0","Total Gasoline","PTE","Retail Sales","EMM_EPM0_PTE_NUS_DPG","U.S. All Grades All Formulations Retail Gasoline Prices (Dollars per Gallon)","3.735","$/GAL"
"461",2014-05-01,"ALTSALES",16.737,2026-07-28,2026-07-28,"2014-05","NUS","U.S.","EPM0","Total Gasoline","PTE","Retail Sales","EMM_EPM0_PTE_NUS_DPG","U.S. All Grades All Formulations Retail Gasoline Prices (Dollars per Gallon)","3.75","$/GAL"
"462",2014-06-01,"ALTSALES",17.125,2026-07-28,2026-07-28,"2014-06","NUS","U.S.","EPM0","Total Gasoline","PTE","Retail Sales","EMM_EPM0_PTE_NUS_DPG","U.S. All Grades All Formulations Retail Gasoline Prices (Dollars per Gallon)","3.766","$/GAL"
"463",2014-07-01,"ALTSALES",16.851,2026-07-28,2026-07-28,"2014-07","NUS","U.S.","EPM0","Total Gasoline","PTE","Retail Sales","EMM_EPM0_PTE_NUS_DPG","U.S. All Grades All Formulations Retail Gasoline Prices (Dollars per Gallon)","3.688","$/GAL"
"464",2014-08-01,"ALTSALES",16.808,2026-07-28,2026-07-28,"2014-08","NUS","U.S.","EPM0","Total Gasoline","PTE","Retail Sales","EMM_EPM0_PTE_NUS_DPG","U.S. All Grades All Formulations Retail Gasoline Prices (Dollars per Gallon)","3.565","$/GAL"
"465",2014-09-01,"ALTSALES",16.527,2026-07-28,2026-07-28,"2014-09","NUS","U.S.","EPM0","Total Gasoline","PTE","Retail Sales","EMM_EPM0_PTE_NUS_DPG","U.S. All Grades All Formulations Retail Gasoline Prices (Dollars per Gallon)","3.484","$/GAL"
"466",2014-10-01,"ALTSALES",16.326,2026-07-28,2026-07-28,"2014-10","NUS","U.S.","EPM0","Total Gasoline","PTE","Retail Sales","EMM_EPM0_PTE_NUS_DPG","U.S. All Grades All Formulations Retail Gasoline Prices (Dollars per Gallon)","3.255","$/GAL"
"467",2014-11-01,"ALTSALES",16.544,2026-07-28,2026-07-28,"2014-11","NUS","U.S.","EPM0","Total Gasoline","PTE","Retail Sales","EMM_EPM0_PTE_NUS_DPG","U.S. All Grades All Formulations Retail Gasoline Prices (Dollars per Gallon)","2.997","$/GAL"
"468",2014-12-01,"ALTSALES",16.757,2026-07-28,2026-07-28,"2014-12","NUS","U.S.","EPM0","Total Gasoline","PTE","Retail Sales","EMM_EPM0_PTE_NUS_DPG","U.S. All Grades All Formulations Retail Gasoline Prices (Dollars per Gallon)","2.632","$/GAL"
"469",2015-01-01,"ALTSALES",16.474,2026-07-28,2026-07-28,"2015-01","NUS","U.S.","EPM0","Total Gasoline","PTE","Retail Sales","EMM_EPM0_PTE_NUS_DPG","U.S. All Grades All Formulations Retail Gasoline Prices (Dollars per Gallon)","2.208","$/GAL"
"470",2015-02-01,"ALTSALES",16.461,2026-07-28,2026-07-28,"2015-02","NUS","U.S.","EPM0","Total Gasoline","PTE","Retail Sales","EMM_EPM0_PTE_NUS_DPG","U.S. All Grades All Formulations Retail Gasoline Prices (Dollars per Gallon)","2.301","$/GAL"
"471",2015-03-01,"ALTSALES",17.459,2026-07-28,2026-07-28,"2015-03","NUS","U.S.","EPM0","Total Gasoline","PTE","Retail Sales","EMM_EPM0_PTE_NUS_DPG","U.S. All Grades All Formulations Retail Gasoline Prices (Dollars per Gallon)","2.546","$/GAL"
"472",2015-04-01,"ALTSALES",17.249,2026-07-28,2026-07-28,"2015-04","NUS","U.S.","EPM0","Total Gasoline","PTE","Retail Sales","EMM_EPM0_PTE_NUS_DPG","U.S. All Grades All Formulations Retail Gasoline Prices (Dollars per Gallon)","2.555","$/GAL"
"473",2015-05-01,"ALTSALES",17.488,2026-07-28,2026-07-28,"2015-05","NUS","U.S.","EPM0","Total Gasoline","PTE","Retail Sales","EMM_EPM0_PTE_NUS_DPG","U.S. All Grades All Formulations Retail Gasoline Prices (Dollars per Gallon)","2.802","$/GAL"
"474",2015-06-01,"ALTSALES",17.401,2026-07-28,2026-07-28,"2015-06","NUS","U.S.","EPM0","Total Gasoline","PTE","Retail Sales","EMM_EPM0_PTE_NUS_DPG","U.S. All Grades All Formulations Retail Gasoline Prices (Dollars per Gallon)","2.885","$/GAL"
"475",2015-07-01,"ALTSALES",17.827,2026-07-28,2026-07-28,"2015-07","NUS","U.S.","EPM0","Total Gasoline","PTE","Retail Sales","EMM_EPM0_PTE_NUS_DPG","U.S. All Grades All Formulations Retail Gasoline Prices (Dollars per Gallon)","2.88","$/GAL"
"476",2015-08-01,"ALTSALES",17.94,2026-07-28,2026-07-28,"2015-08","NUS","U.S.","EPM0","Total Gasoline","PTE","Retail Sales","EMM_EPM0_PTE_NUS_DPG","U.S. All Grades All Formulations Retail Gasoline Prices (Dollars per Gallon)","2.726","$/GAL"
"477",2015-09-01,"ALTSALES",17.833,2026-07-28,2026-07-28,"2015-09","NUS","U.S.","EPM0","Total Gasoline","PTE","Retail Sales","EMM_EPM0_PTE_NUS_DPG","U.S. All Grades All Formulations Retail Gasoline Prices (Dollars per Gallon)","2.462","$/GAL"
"478",2015-10-01,"ALTSALES",17.818,2026-07-28,2026-07-28,"2015-10","NUS","U.S.","EPM0","Total Gasoline","PTE","Retail Sales","EMM_EPM0_PTE_NUS_DPG","U.S. All Grades All Formulations Retail Gasoline Prices (Dollars per Gallon)","2.387","$/GAL"
"479",2015-11-01,"ALTSALES",17.863,2026-07-28,2026-07-28,"2015-11","NUS","U.S.","EPM0","Total Gasoline","PTE","Retail Sales","EMM_EPM0_PTE_NUS_DPG","U.S. All Grades All Formulations Retail Gasoline Prices (Dollars per Gallon)","2.26","$/GAL"
"480",2015-12-01,"ALTSALES",17.081,2026-07-28,2026-07-28,"2015-12","NUS","U.S.","EPM0","Total Gasoline","PTE","Retail Sales","EMM_EPM0_PTE_NUS_DPG","U.S. All Grades All Formulations Retail Gasoline Prices (Dollars per Gallon)","2.144","$/GAL"
"481",2016-01-01,"ALTSALES",17.61,2026-07-28,2026-07-28,"2016-01","NUS","U.S.","EPM0","Total Gasoline","PTE","Retail Sales","EMM_EPM0_PTE_NUS_DPG","U.S. All Grades All Formulations Retail Gasoline Prices (Dollars per Gallon)","2.057","$/GAL"
"482",2016-02-01,"ALTSALES",17.64,2026-07-28,2026-07-28,"2016-02","NUS","U.S.","EPM0","Total Gasoline","PTE","Retail Sales","EMM_EPM0_PTE_NUS_DPG","U.S. All Grades All Formulations Retail Gasoline Prices (Dollars per Gallon)","1.872","$/GAL"
"483",2016-03-01,"ALTSALES",16.826,2026-07-28,2026-07-28,"2016-03","NUS","U.S.","EPM0","Total Gasoline","PTE","Retail Sales","EMM_EPM0_PTE_NUS_DPG","U.S. All Grades All Formulations Retail Gasoline Prices (Dollars per Gallon)","2.071","$/GAL"
"484",2016-04-01,"ALTSALES",17.247,2026-07-28,2026-07-28,"2016-04","NUS","U.S.","EPM0","Total Gasoline","PTE","Retail Sales","EMM_EPM0_PTE_NUS_DPG","U.S. All Grades All Formulations Retail Gasoline Prices (Dollars per Gallon)","2.216","$/GAL"
"485",2016-05-01,"ALTSALES",17.288,2026-07-28,2026-07-28,"2016-05","NUS","U.S.","EPM0","Total Gasoline","PTE","Retail Sales","EMM_EPM0_PTE_NUS_DPG","U.S. All Grades All Formulations Retail Gasoline Prices (Dollars per Gallon)","2.371","$/GAL"
"486",2016-06-01,"ALTSALES",17.334,2026-07-28,2026-07-28,"2016-06","NUS","U.S.","EPM0","Total Gasoline","PTE","Retail Sales","EMM_EPM0_PTE_NUS_DPG","U.S. All Grades All Formulations Retail Gasoline Prices (Dollars per Gallon)","2.467","$/GAL"
"487",2016-07-01,"ALTSALES",17.744,2026-07-28,2026-07-28,"2016-07","NUS","U.S.","EPM0","Total Gasoline","PTE","Retail Sales","EMM_EPM0_PTE_NUS_DPG","U.S. All Grades All Formulations Retail Gasoline Prices (Dollars per Gallon)","2.345","$/GAL"
"488",2016-08-01,"ALTSALES",17.541,2026-07-28,2026-07-28,"2016-08","NUS","U.S.","EPM0","Total Gasoline","PTE","Retail Sales","EMM_EPM0_PTE_NUS_DPG","U.S. All Grades All Formulations Retail Gasoline Prices (Dollars per Gallon)","2.284","$/GAL"
"489",2016-09-01,"ALTSALES",17.574,2026-07-28,2026-07-28,"2016-09","NUS","U.S.","EPM0","Total Gasoline","PTE","Retail Sales","EMM_EPM0_PTE_NUS_DPG","U.S. All Grades All Formulations Retail Gasoline Prices (Dollars per Gallon)","2.327","$/GAL"
"490",2016-10-01,"ALTSALES",17.606,2026-07-28,2026-07-28,"2016-10","NUS","U.S.","EPM0","Total Gasoline","PTE","Retail Sales","EMM_EPM0_PTE_NUS_DPG","U.S. All Grades All Formulations Retail Gasoline Prices (Dollars per Gallon)","2.359","$/GAL"
"491",2016-11-01,"ALTSALES",17.411,2026-07-28,2026-07-28,"2016-11","NUS","U.S.","EPM0","Total Gasoline","PTE","Retail Sales","EMM_EPM0_PTE_NUS_DPG","U.S. All Grades All Formulations Retail Gasoline Prices (Dollars per Gallon)","2.295","$/GAL"
"492",2016-12-01,"ALTSALES",17.906,2026-07-28,2026-07-28,"2016-12","NUS","U.S.","EPM0","Total Gasoline","PTE","Retail Sales","EMM_EPM0_PTE_NUS_DPG","U.S. All Grades All Formulations Retail Gasoline Prices (Dollars per Gallon)","2.366","$/GAL"
"493",2017-01-01,"ALTSALES",17.29,2026-07-28,2026-07-28,"2017-01","NUS","U.S.","EPM0","Total Gasoline","PTE","Retail Sales","EMM_EPM0_PTE_NUS_DPG","U.S. All Grades All Formulations Retail Gasoline Prices (Dollars per Gallon)","2.458","$/GAL"
"494",2017-02-01,"ALTSALES",17.314,2026-07-28,2026-07-28,"2017-02","NUS","U.S.","EPM0","Total Gasoline","PTE","Retail Sales","EMM_EPM0_PTE_NUS_DPG","U.S. All Grades All Formulations Retail Gasoline Prices (Dollars per Gallon)","2.416","$/GAL"
"495",2017-03-01,"ALTSALES",16.656,2026-07-28,2026-07-28,"2017-03","NUS","U.S.","EPM0","Total Gasoline","PTE","Retail Sales","EMM_EPM0_PTE_NUS_DPG","U.S. All Grades All Formulations Retail Gasoline Prices (Dollars per Gallon)","2.437","$/GAL"
"496",2017-04-01,"ALTSALES",16.771,2026-07-28,2026-07-28,"2017-04","NUS","U.S.","EPM0","Total Gasoline","PTE","Retail Sales","EMM_EPM0_PTE_NUS_DPG","U.S. All Grades All Formulations Retail Gasoline Prices (Dollars per Gallon)","2.528","$/GAL"
"497",2017-05-01,"ALTSALES",16.664,2026-07-28,2026-07-28,"2017-05","NUS","U.S.","EPM0","Total Gasoline","PTE","Retail Sales","EMM_EPM0_PTE_NUS_DPG","U.S. All Grades All Formulations Retail Gasoline Prices (Dollars per Gallon)","2.503","$/GAL"
"498",2017-06-01,"ALTSALES",16.703,2026-07-28,2026-07-28,"2017-06","NUS","U.S.","EPM0","Total Gasoline","PTE","Retail Sales","EMM_EPM0_PTE_NUS_DPG","U.S. All Grades All Formulations Retail Gasoline Prices (Dollars per Gallon)","2.46","$/GAL"
"499",2017-07-01,"ALTSALES",16.842,2026-07-28,2026-07-28,"2017-07","NUS","U.S.","EPM0","Total Gasoline","PTE","Retail Sales","EMM_EPM0_PTE_NUS_DPG","U.S. All Grades All Formulations Retail Gasoline Prices (Dollars per Gallon)","2.414","$/GAL"
"500",2017-08-01,"ALTSALES",16.614,2026-07-28,2026-07-28,"2017-08","NUS","U.S.","EPM0","Total Gasoline","PTE","Retail Sales","EMM_EPM0_PTE_NUS_DPG","U.S. All Grades All Formulations Retail Gasoline Prices (Dollars per Gallon)","2.494","$/GAL"
"501",2017-09-01,"ALTSALES",17.893,2026-07-28,2026-07-28,"2017-09","NUS","U.S.","EPM0","Total Gasoline","PTE","Retail Sales","EMM_EPM0_PTE_NUS_DPG","U.S. All Grades All Formulations Retail Gasoline Prices (Dollars per Gallon)","2.761","$/GAL"
"502",2017-10-01,"ALTSALES",18.059,2026-07-28,2026-07-28,"2017-10","NUS","U.S.","EPM0","Total Gasoline","PTE","Retail Sales","EMM_EPM0_PTE_NUS_DPG","U.S. All Grades All Formulations Retail Gasoline Prices (Dollars per Gallon)","2.621","$/GAL"
"503",2017-11-01,"ALTSALES",17.55,2026-07-28,2026-07-28,"2017-11","NUS","U.S.","EPM0","Total Gasoline","PTE","Retail Sales","EMM_EPM0_PTE_NUS_DPG","U.S. All Grades All Formulations Retail Gasoline Prices (Dollars per Gallon)","2.678","$/GAL"
"504",2017-12-01,"ALTSALES",17.445,2026-07-28,2026-07-28,"2017-12","NUS","U.S.","EPM0","Total Gasoline","PTE","Retail Sales","EMM_EPM0_PTE_NUS_DPG","U.S. All Grades All Formulations Retail Gasoline Prices (Dollars per Gallon)","2.594","$/GAL"
"505",2018-01-01,"ALTSALES",16.745,2026-07-28,2026-07-28,"2018-01","NUS","U.S.","EPM0","Total Gasoline","PTE","Retail Sales","EMM_EPM0_PTE_NUS_DPG","U.S. All Grades All Formulations Retail Gasoline Prices (Dollars per Gallon)","2.671","$/GAL"
"506",2018-02-01,"ALTSALES",16.974,2026-07-28,2026-07-28,"2018-02","NUS","U.S.","EPM0","Total Gasoline","PTE","Retail Sales","EMM_EPM0_PTE_NUS_DPG","U.S. All Grades All Formulations Retail Gasoline Prices (Dollars per Gallon)","2.705","$/GAL"
"507",2018-03-01,"ALTSALES",17.196,2026-07-28,2026-07-28,"2018-03","NUS","U.S.","EPM0","Total Gasoline","PTE","Retail Sales","EMM_EPM0_PTE_NUS_DPG","U.S. All Grades All Formulations Retail Gasoline Prices (Dollars per Gallon)","2.709","$/GAL"
"508",2018-04-01,"ALTSALES",17.117,2026-07-28,2026-07-28,"2018-04","NUS","U.S.","EPM0","Total Gasoline","PTE","Retail Sales","EMM_EPM0_PTE_NUS_DPG","U.S. All Grades All Formulations Retail Gasoline Prices (Dollars per Gallon)","2.873","$/GAL"
"509",2018-05-01,"ALTSALES",17.342,2026-07-28,2026-07-28,"2018-05","NUS","U.S.","EPM0","Total Gasoline","PTE","Retail Sales","EMM_EPM0_PTE_NUS_DPG","U.S. All Grades All Formulations Retail Gasoline Prices (Dollars per Gallon)","2.987","$/GAL"
"510",2018-06-01,"ALTSALES",17.25,2026-07-28,2026-07-28,"2018-06","NUS","U.S.","EPM0","Total Gasoline","PTE","Retail Sales","EMM_EPM0_PTE_NUS_DPG","U.S. All Grades All Formulations Retail Gasoline Prices (Dollars per Gallon)","2.97","$/GAL"
"511",2018-07-01,"ALTSALES",17.137,2026-07-28,2026-07-28,"2018-07","NUS","U.S.","EPM0","Total Gasoline","PTE","Retail Sales","EMM_EPM0_PTE_NUS_DPG","U.S. All Grades All Formulations Retail Gasoline Prices (Dollars per Gallon)","2.928","$/GAL"
"512",2018-08-01,"ALTSALES",17.044,2026-07-28,2026-07-28,"2018-08","NUS","U.S.","EPM0","Total Gasoline","PTE","Retail Sales","EMM_EPM0_PTE_NUS_DPG","U.S. All Grades All Formulations Retail Gasoline Prices (Dollars per Gallon)","2.914","$/GAL"
"513",2018-09-01,"ALTSALES",17.28,2026-07-28,2026-07-28,"2018-09","NUS","U.S.","EPM0","Total Gasoline","PTE","Retail Sales","EMM_EPM0_PTE_NUS_DPG","U.S. All Grades All Formulations Retail Gasoline Prices (Dollars per Gallon)","2.915","$/GAL"
"514",2018-10-01,"ALTSALES",17.469,2026-07-28,2026-07-28,"2018-10","NUS","U.S.","EPM0","Total Gasoline","PTE","Retail Sales","EMM_EPM0_PTE_NUS_DPG","U.S. All Grades All Formulations Retail Gasoline Prices (Dollars per Gallon)","2.943","$/GAL"
"515",2018-11-01,"ALTSALES",17.552,2026-07-28,2026-07-28,"2018-11","NUS","U.S.","EPM0","Total Gasoline","PTE","Retail Sales","EMM_EPM0_PTE_NUS_DPG","U.S. All Grades All Formulations Retail Gasoline Prices (Dollars per Gallon)","2.736","$/GAL"
"516",2018-12-01,"ALTSALES",17.593,2026-07-28,2026-07-28,"2018-12","NUS","U.S.","EPM0","Total Gasoline","PTE","Retail Sales","EMM_EPM0_PTE_NUS_DPG","U.S. All Grades All Formulations Retail Gasoline Prices (Dollars per Gallon)","2.457","$/GAL"
"517",2019-01-01,"ALTSALES",16.436,2026-07-28,2026-07-28,"2019-01","NUS","U.S.","EPM0","Total Gasoline","PTE","Retail Sales","EMM_EPM0_PTE_NUS_DPG","U.S. All Grades All Formulations Retail Gasoline Prices (Dollars per Gallon)","2.338","$/GAL"
"518",2019-02-01,"ALTSALES",16.452,2026-07-28,2026-07-28,"2019-02","NUS","U.S.","EPM0","Total Gasoline","PTE","Retail Sales","EMM_EPM0_PTE_NUS_DPG","U.S. All Grades All Formulations Retail Gasoline Prices (Dollars per Gallon)","2.393","$/GAL"
"519",2019-03-01,"ALTSALES",17.338,2026-07-28,2026-07-28,"2019-03","NUS","U.S.","EPM0","Total Gasoline","PTE","Retail Sales","EMM_EPM0_PTE_NUS_DPG","U.S. All Grades All Formulations Retail Gasoline Prices (Dollars per Gallon)","2.594","$/GAL"
"520",2019-04-01,"ALTSALES",16.391,2026-07-28,2026-07-28,"2019-04","NUS","U.S.","EPM0","Total Gasoline","PTE","Retail Sales","EMM_EPM0_PTE_NUS_DPG","U.S. All Grades All Formulations Retail Gasoline Prices (Dollars per Gallon)","2.881","$/GAL"
"521",2019-05-01,"ALTSALES",17.398,2026-07-28,2026-07-28,"2019-05","NUS","U.S.","EPM0","Total Gasoline","PTE","Retail Sales","EMM_EPM0_PTE_NUS_DPG","U.S. All Grades All Formulations Retail Gasoline Prices (Dollars per Gallon)","2.946","$/GAL"
"522",2019-06-01,"ALTSALES",17.257,2026-07-28,2026-07-28,"2019-06","NUS","U.S.","EPM0","Total Gasoline","PTE","Retail Sales","EMM_EPM0_PTE_NUS_DPG","U.S. All Grades All Formulations Retail Gasoline Prices (Dollars per Gallon)","2.804","$/GAL"
"523",2019-07-01,"ALTSALES",17.099,2026-07-28,2026-07-28,"2019-07","NUS","U.S.","EPM0","Total Gasoline","PTE","Retail Sales","EMM_EPM0_PTE_NUS_DPG","U.S. All Grades All Formulations Retail Gasoline Prices (Dollars per Gallon)","2.823","$/GAL"
"524",2019-08-01,"ALTSALES",17.346,2026-07-28,2026-07-28,"2019-08","NUS","U.S.","EPM0","Total Gasoline","PTE","Retail Sales","EMM_EPM0_PTE_NUS_DPG","U.S. All Grades All Formulations Retail Gasoline Prices (Dollars per Gallon)","2.707","$/GAL"
"525",2019-09-01,"ALTSALES",17.161,2026-07-28,2026-07-28,"2019-09","NUS","U.S.","EPM0","Total Gasoline","PTE","Retail Sales","EMM_EPM0_PTE_NUS_DPG","U.S. All Grades All Formulations Retail Gasoline Prices (Dollars per Gallon)","2.681","$/GAL"
"526",2019-10-01,"ALTSALES",16.53,2026-07-28,2026-07-28,"2019-10","NUS","U.S.","EPM0","Total Gasoline","PTE","Retail Sales","EMM_EPM0_PTE_NUS_DPG","U.S. All Grades All Formulations Retail Gasoline Prices (Dollars per Gallon)","2.724","$/GAL"
"527",2019-11-01,"ALTSALES",17.097,2026-07-28,2026-07-28,"2019-11","NUS","U.S.","EPM0","Total Gasoline","PTE","Retail Sales","EMM_EPM0_PTE_NUS_DPG","U.S. All Grades All Formulations Retail Gasoline Prices (Dollars per Gallon)","2.693","$/GAL"
"528",2019-12-01,"ALTSALES",17.027,2026-07-28,2026-07-28,"2019-12","NUS","U.S.","EPM0","Total Gasoline","PTE","Retail Sales","EMM_EPM0_PTE_NUS_DPG","U.S. All Grades All Formulations Retail Gasoline Prices (Dollars per Gallon)","2.645","$/GAL"
"529",2020-01-01,"ALTSALES",16.42,2026-07-28,2026-07-28,"2020-01","NUS","U.S.","EPM0","Total Gasoline","PTE","Retail Sales","EMM_EPM0_PTE_NUS_DPG","U.S. All Grades All Formulations Retail Gasoline Prices (Dollars per Gallon)","2.636","$/GAL"
"530",2020-02-01,"ALTSALES",16.669,2026-07-28,2026-07-28,"2020-02","NUS","U.S.","EPM0","Total Gasoline","PTE","Retail Sales","EMM_EPM0_PTE_NUS_DPG","U.S. All Grades All Formulations Retail Gasoline Prices (Dollars per Gallon)","2.533","$/GAL"
"531",2020-03-01,"ALTSALES",11.444,2026-07-28,2026-07-28,"2020-03","NUS","U.S.","EPM0","Total Gasoline","PTE","Retail Sales","EMM_EPM0_PTE_NUS_DPG","U.S. All Grades All Formulations Retail Gasoline Prices (Dollars per Gallon)","2.329","$/GAL"
"532",2020-04-01,"ALTSALES",8.571,2026-07-28,2026-07-28,"2020-04","NUS","U.S.","EPM0","Total Gasoline","PTE","Retail Sales","EMM_EPM0_PTE_NUS_DPG","U.S. All Grades All Formulations Retail Gasoline Prices (Dollars per Gallon)","1.938","$/GAL"
"533",2020-05-01,"ALTSALES",12.244,2026-07-28,2026-07-28,"2020-05","NUS","U.S.","EPM0","Total Gasoline","PTE","Retail Sales","EMM_EPM0_PTE_NUS_DPG","U.S. All Grades All Formulations Retail Gasoline Prices (Dollars per Gallon)","1.961","$/GAL"
"534",2020-06-01,"ALTSALES",13.182,2026-07-28,2026-07-28,"2020-06","NUS","U.S.","EPM0","Total Gasoline","PTE","Retail Sales","EMM_EPM0_PTE_NUS_DPG","U.S. All Grades All Formulations Retail Gasoline Prices (Dollars per Gallon)","2.17","$/GAL"
"535",2020-07-01,"ALTSALES",14.802,2026-07-28,2026-07-28,"2020-07","NUS","U.S.","EPM0","Total Gasoline","PTE","Retail Sales","EMM_EPM0_PTE_NUS_DPG","U.S. All Grades All Formulations Retail Gasoline Prices (Dollars per Gallon)","2.272","$/GAL"
"536",2020-08-01,"ALTSALES",15.656,2026-07-28,2026-07-28,"2020-08","NUS","U.S.","EPM0","Total Gasoline","PTE","Retail Sales","EMM_EPM0_PTE_NUS_DPG","U.S. All Grades All Formulations Retail Gasoline Prices (Dollars per Gallon)","2.272","$/GAL"
"537",2020-09-01,"ALTSALES",16.275,2026-07-28,2026-07-28,"2020-09","NUS","U.S.","EPM0","Total Gasoline","PTE","Retail Sales","EMM_EPM0_PTE_NUS_DPG","U.S. All Grades All Formulations Retail Gasoline Prices (Dollars per Gallon)","2.274","$/GAL"
"538",2020-10-01,"ALTSALES",16.112,2026-07-28,2026-07-28,"2020-10","NUS","U.S.","EPM0","Total Gasoline","PTE","Retail Sales","EMM_EPM0_PTE_NUS_DPG","U.S. All Grades All Formulations Retail Gasoline Prices (Dollars per Gallon)","2.248","$/GAL"
"539",2020-11-01,"ALTSALES",15.83,2026-07-28,2026-07-28,"2020-11","NUS","U.S.","EPM0","Total Gasoline","PTE","Retail Sales","EMM_EPM0_PTE_NUS_DPG","U.S. All Grades All Formulations Retail Gasoline Prices (Dollars per Gallon)","2.2","$/GAL"
"540",2020-12-01,"ALTSALES",16.459,2026-07-28,2026-07-28,"2020-12","NUS","U.S.","EPM0","Total Gasoline","PTE","Retail Sales","EMM_EPM0_PTE_NUS_DPG","U.S. All Grades All Formulations Retail Gasoline Prices (Dollars per Gallon)","2.284","$/GAL"
"541",2021-01-01,"ALTSALES",16.212,2026-07-28,2026-07-28,"2021-01","NUS","U.S.","EPM0","Total Gasoline","PTE","Retail Sales","EMM_EPM0_PTE_NUS_DPG","U.S. All Grades All Formulations Retail Gasoline Prices (Dollars per Gallon)","2.42","$/GAL"
"542",2021-02-01,"ALTSALES",15.681,2026-07-28,2026-07-28,"2021-02","NUS","U.S.","EPM0","Total Gasoline","PTE","Retail Sales","EMM_EPM0_PTE_NUS_DPG","U.S. All Grades All Formulations Retail Gasoline Prices (Dollars per Gallon)","2.587","$/GAL"
"543",2021-03-01,"ALTSALES",17.948,2026-07-28,2026-07-28,"2021-03","NUS","U.S.","EPM0","Total Gasoline","PTE","Retail Sales","EMM_EPM0_PTE_NUS_DPG","U.S. All Grades All Formulations Retail Gasoline Prices (Dollars per Gallon)","2.898","$/GAL"
"544",2021-04-01,"ALTSALES",18.091,2026-07-28,2026-07-28,"2021-04","NUS","U.S.","EPM0","Total Gasoline","PTE","Retail Sales","EMM_EPM0_PTE_NUS_DPG","U.S. All Grades All Formulations Retail Gasoline Prices (Dollars per Gallon)","2.948","$/GAL"
"545",2021-05-01,"ALTSALES",17.035,2026-07-28,2026-07-28,"2021-05","NUS","U.S.","EPM0","Total Gasoline","PTE","Retail Sales","EMM_EPM0_PTE_NUS_DPG","U.S. All Grades All Formulations Retail Gasoline Prices (Dollars per Gallon)","3.076","$/GAL"
"546",2021-06-01,"ALTSALES",15.583,2026-07-28,2026-07-28,"2021-06","NUS","U.S.","EPM0","Total Gasoline","PTE","Retail Sales","EMM_EPM0_PTE_NUS_DPG","U.S. All Grades All Formulations Retail Gasoline Prices (Dollars per Gallon)","3.157","$/GAL"
"547",2021-07-01,"ALTSALES",14.745,2026-07-28,2026-07-28,"2021-07","NUS","U.S.","EPM0","Total Gasoline","PTE","Retail Sales","EMM_EPM0_PTE_NUS_DPG","U.S. All Grades All Formulations Retail Gasoline Prices (Dollars per Gallon)","3.231","$/GAL"
"548",2021-08-01,"ALTSALES",13.454,2026-07-28,2026-07-28,"2021-08","NUS","U.S.","EPM0","Total Gasoline","PTE","Retail Sales","EMM_EPM0_PTE_NUS_DPG","U.S. All Grades All Formulations Retail Gasoline Prices (Dollars per Gallon)","3.255","$/GAL"
"549",2021-09-01,"ALTSALES",12.308,2026-07-28,2026-07-28,"2021-09","NUS","U.S.","EPM0","Total Gasoline","PTE","Retail Sales","EMM_EPM0_PTE_NUS_DPG","U.S. All Grades All Formulations Retail Gasoline Prices (Dollars per Gallon)","3.272","$/GAL"
"550",2021-10-01,"ALTSALES",12.712,2026-07-28,2026-07-28,"2021-10","NUS","U.S.","EPM0","Total Gasoline","PTE","Retail Sales","EMM_EPM0_PTE_NUS_DPG","U.S. All Grades All Formulations Retail Gasoline Prices (Dollars per Gallon)","3.384","$/GAL"
"551",2021-11-01,"ALTSALES",12.932,2026-07-28,2026-07-28,"2021-11","NUS","U.S.","EPM0","Total Gasoline","PTE","Retail Sales","EMM_EPM0_PTE_NUS_DPG","U.S. All Grades All Formulations Retail Gasoline Prices (Dollars per Gallon)","3.491","$/GAL"
"552",2021-12-01,"ALTSALES",12.662,2026-07-28,2026-07-28,"2021-12","NUS","U.S.","EPM0","Total Gasoline","PTE","Retail Sales","EMM_EPM0_PTE_NUS_DPG","U.S. All Grades All Formulations Retail Gasoline Prices (Dollars per Gallon)","3.406","$/GAL"
"553",2022-01-01,"ALTSALES",14.447,2026-07-28,2026-07-28,"2022-01","NUS","U.S.","EPM0","Total Gasoline","PTE","Retail Sales","EMM_EPM0_PTE_NUS_DPG","U.S. All Grades All Formulations Retail Gasoline Prices (Dollars per Gallon)","3.413","$/GAL"
"554",2022-02-01,"ALTSALES",13.741,2026-07-28,2026-07-28,"2022-02","NUS","U.S.","EPM0","Total Gasoline","PTE","Retail Sales","EMM_EPM0_PTE_NUS_DPG","U.S. All Grades All Formulations Retail Gasoline Prices (Dollars per Gallon)","3.611","$/GAL"
"555",2022-03-01,"ALTSALES",13.765,2026-07-28,2026-07-28,"2022-03","NUS","U.S.","EPM0","Total Gasoline","PTE","Retail Sales","EMM_EPM0_PTE_NUS_DPG","U.S. All Grades All Formulations Retail Gasoline Prices (Dollars per Gallon)","4.322","$/GAL"
"556",2022-04-01,"ALTSALES",14.161,2026-07-28,2026-07-28,"2022-04","NUS","U.S.","EPM0","Total Gasoline","PTE","Retail Sales","EMM_EPM0_PTE_NUS_DPG","U.S. All Grades All Formulations Retail Gasoline Prices (Dollars per Gallon)","4.213","$/GAL"
"557",2022-05-01,"ALTSALES",12.833,2026-07-28,2026-07-28,"2022-05","NUS","U.S.","EPM0","Total Gasoline","PTE","Retail Sales","EMM_EPM0_PTE_NUS_DPG","U.S. All Grades All Formulations Retail Gasoline Prices (Dollars per Gallon)","4.545","$/GAL"
"558",2022-06-01,"ALTSALES",13.35,2026-07-28,2026-07-28,"2022-06","NUS","U.S.","EPM0","Total Gasoline","PTE","Retail Sales","EMM_EPM0_PTE_NUS_DPG","U.S. All Grades All Formulations Retail Gasoline Prices (Dollars per Gallon)","5.032","$/GAL"
"559",2022-07-01,"ALTSALES",13.388,2026-07-28,2026-07-28,"2022-07","NUS","U.S.","EPM0","Total Gasoline","PTE","Retail Sales","EMM_EPM0_PTE_NUS_DPG","U.S. All Grades All Formulations Retail Gasoline Prices (Dollars per Gallon)","4.668","$/GAL"
"560",2022-08-01,"ALTSALES",13.695,2026-07-28,2026-07-28,"2022-08","NUS","U.S.","EPM0","Total Gasoline","PTE","Retail Sales","EMM_EPM0_PTE_NUS_DPG","U.S. All Grades All Formulations Retail Gasoline Prices (Dollars per Gallon)","4.087","$/GAL"
"561",2022-09-01,"ALTSALES",13.639,2026-07-28,2026-07-28,"2022-09","NUS","U.S.","EPM0","Total Gasoline","PTE","Retail Sales","EMM_EPM0_PTE_NUS_DPG","U.S. All Grades All Formulations Retail Gasoline Prices (Dollars per Gallon)","3.817","$/GAL"
"562",2022-10-01,"ALTSALES",14.594,2026-07-28,2026-07-28,"2022-10","NUS","U.S.","EPM0","Total Gasoline","PTE","Retail Sales","EMM_EPM0_PTE_NUS_DPG","U.S. All Grades All Formulations Retail Gasoline Prices (Dollars per Gallon)","3.935","$/GAL"
"563",2022-11-01,"ALTSALES",14.073,2026-07-28,2026-07-28,"2022-11","NUS","U.S.","EPM0","Total Gasoline","PTE","Retail Sales","EMM_EPM0_PTE_NUS_DPG","U.S. All Grades All Formulations Retail Gasoline Prices (Dollars per Gallon)","3.799","$/GAL"
"564",2022-12-01,"ALTSALES",13.366,2026-07-28,2026-07-28,"2022-12","NUS","U.S.","EPM0","Total Gasoline","PTE","Retail Sales","EMM_EPM0_PTE_NUS_DPG","U.S. All Grades All Formulations Retail Gasoline Prices (Dollars per Gallon)","3.324","$/GAL"
"565",2023-01-01,"ALTSALES",15.153,2026-07-28,2026-07-28,"2023-01","NUS","U.S.","EPM0","Total Gasoline","PTE","Retail Sales","EMM_EPM0_PTE_NUS_DPG","U.S. All Grades All Formulations Retail Gasoline Prices (Dollars per Gallon)","3.445","$/GAL"
"566",2023-02-01,"ALTSALES",14.949,2026-07-28,2026-07-28,"2023-02","NUS","U.S.","EPM0","Total Gasoline","PTE","Retail Sales","EMM_EPM0_PTE_NUS_DPG","U.S. All Grades All Formulations Retail Gasoline Prices (Dollars per Gallon)","3.501","$/GAL"
"567",2023-03-01,"ALTSALES",15.128,2026-07-28,2026-07-28,"2023-03","NUS","U.S.","EPM0","Total Gasoline","PTE","Retail Sales","EMM_EPM0_PTE_NUS_DPG","U.S. All Grades All Formulations Retail Gasoline Prices (Dollars per Gallon)","3.535","$/GAL"
"568",2023-04-01,"ALTSALES",15.858,2026-07-28,2026-07-28,"2023-04","NUS","U.S.","EPM0","Total Gasoline","PTE","Retail Sales","EMM_EPM0_PTE_NUS_DPG","U.S. All Grades All Formulations Retail Gasoline Prices (Dollars per Gallon)","3.711","$/GAL"
"569",2023-05-01,"ALTSALES",15.39,2026-07-28,2026-07-28,"2023-05","NUS","U.S.","EPM0","Total Gasoline","PTE","Retail Sales","EMM_EPM0_PTE_NUS_DPG","U.S. All Grades All Formulations Retail Gasoline Prices (Dollars per Gallon)","3.666","$/GAL"
"570",2023-06-01,"ALTSALES",16.071,2026-07-28,2026-07-28,"2023-06","NUS","U.S.","EPM0","Total Gasoline","PTE","Retail Sales","EMM_EPM0_PTE_NUS_DPG","U.S. All Grades All Formulations Retail Gasoline Prices (Dollars per Gallon)","3.684","$/GAL"
"571",2023-07-01,"ALTSALES",15.811,2026-07-28,2026-07-28,"2023-07","NUS","U.S.","EPM0","Total Gasoline","PTE","Retail Sales","EMM_EPM0_PTE_NUS_DPG","U.S. All Grades All Formulations Retail Gasoline Prices (Dollars per Gallon)","3.712","$/GAL"
"572",2023-08-01,"ALTSALES",15.557,2026-07-28,2026-07-28,"2023-08","NUS","U.S.","EPM0","Total Gasoline","PTE","Retail Sales","EMM_EPM0_PTE_NUS_DPG","U.S. All Grades All Formulations Retail Gasoline Prices (Dollars per Gallon)","3.954","$/GAL"
"573",2023-09-01,"ALTSALES",15.702,2026-07-28,2026-07-28,"2023-09","NUS","U.S.","EPM0","Total Gasoline","PTE","Retail Sales","EMM_EPM0_PTE_NUS_DPG","U.S. All Grades All Formulations Retail Gasoline Prices (Dollars per Gallon)","3.958","$/GAL"
"574",2023-10-01,"ALTSALES",15.27,2026-07-28,2026-07-28,"2023-10","NUS","U.S.","EPM0","Total Gasoline","PTE","Retail Sales","EMM_EPM0_PTE_NUS_DPG","U.S. All Grades All Formulations Retail Gasoline Prices (Dollars per Gallon)","3.742","$/GAL"
"575",2023-11-01,"ALTSALES",15.307,2026-07-28,2026-07-28,"2023-11","NUS","U.S.","EPM0","Total Gasoline","PTE","Retail Sales","EMM_EPM0_PTE_NUS_DPG","U.S. All Grades All Formulations Retail Gasoline Prices (Dollars per Gallon)","3.443","$/GAL"
"576",2023-12-01,"ALTSALES",15.834,2026-07-28,2026-07-28,"2023-12","NUS","U.S.","EPM0","Total Gasoline","PTE","Retail Sales","EMM_EPM0_PTE_NUS_DPG","U.S. All Grades All Formulations Retail Gasoline Prices (Dollars per Gallon)","3.257","$/GAL"
"577",2024-01-01,"ALTSALES",15.065,2026-07-28,2026-07-28,"2024-01","NUS","U.S.","EPM0","Total Gasoline","PTE","Retail Sales","EMM_EPM0_PTE_NUS_DPG","U.S. All Grades All Formulations Retail Gasoline Prices (Dollars per Gallon)","3.197","$/GAL"
"578",2024-02-01,"ALTSALES",15.759,2026-07-28,2026-07-28,"2024-02","NUS","U.S.","EPM0","Total Gasoline","PTE","Retail Sales","EMM_EPM0_PTE_NUS_DPG","U.S. All Grades All Formulations Retail Gasoline Prices (Dollars per Gallon)","3.328","$/GAL"
"579",2024-03-01,"ALTSALES",15.728,2026-07-28,2026-07-28,"2024-03","NUS","U.S.","EPM0","Total Gasoline","PTE","Retail Sales","EMM_EPM0_PTE_NUS_DPG","U.S. All Grades All Formulations Retail Gasoline Prices (Dollars per Gallon)","3.542","$/GAL"
"580",2024-04-01,"ALTSALES",15.978,2026-07-28,2026-07-28,"2024-04","NUS","U.S.","EPM0","Total Gasoline","PTE","Retail Sales","EMM_EPM0_PTE_NUS_DPG","U.S. All Grades All Formulations Retail Gasoline Prices (Dollars per Gallon)","3.733","$/GAL"
"581",2024-05-01,"ALTSALES",15.888,2026-07-28,2026-07-28,"2024-05","NUS","U.S.","EPM0","Total Gasoline","PTE","Retail Sales","EMM_EPM0_PTE_NUS_DPG","U.S. All Grades All Formulations Retail Gasoline Prices (Dollars per Gallon)","3.725","$/GAL"
"582",2024-06-01,"ALTSALES",15.323,2026-07-28,2026-07-28,"2024-06","NUS","U.S.","EPM0","Total Gasoline","PTE","Retail Sales","EMM_EPM0_PTE_NUS_DPG","U.S. All Grades All Formulations Retail Gasoline Prices (Dollars per Gallon)","3.576","$/GAL"
"583",2024-07-01,"ALTSALES",15.842,2026-07-28,2026-07-28,"2024-07","NUS","U.S.","EPM0","Total Gasoline","PTE","Retail Sales","EMM_EPM0_PTE_NUS_DPG","U.S. All Grades All Formulations Retail Gasoline Prices (Dollars per Gallon)","3.6","$/GAL"
"584",2024-08-01,"ALTSALES",15.484,2026-07-28,2026-07-28,"2024-08","NUS","U.S.","EPM0","Total Gasoline","PTE","Retail Sales","EMM_EPM0_PTE_NUS_DPG","U.S. All Grades All Formulations Retail Gasoline Prices (Dollars per Gallon)","3.507","$/GAL"
"585",2024-09-01,"ALTSALES",15.86,2026-07-28,2026-07-28,"2024-09","NUS","U.S.","EPM0","Total Gasoline","PTE","Retail Sales","EMM_EPM0_PTE_NUS_DPG","U.S. All Grades All Formulations Retail Gasoline Prices (Dollars per Gallon)","3.338","$/GAL"
"586",2024-10-01,"ALTSALES",16.029,2026-07-28,2026-07-28,"2024-10","NUS","U.S.","EPM0","Total Gasoline","PTE","Retail Sales","EMM_EPM0_PTE_NUS_DPG","U.S. All Grades All Formulations Retail Gasoline Prices (Dollars per Gallon)","3.261","$/GAL"
"587",2024-11-01,"ALTSALES",16.417,2026-07-28,2026-07-28,"2024-11","NUS","U.S.","EPM0","Total Gasoline","PTE","Retail Sales","EMM_EPM0_PTE_NUS_DPG","U.S. All Grades All Formulations Retail Gasoline Prices (Dollars per Gallon)","3.175","$/GAL"
"588",2024-12-01,"ALTSALES",16.84,2026-07-28,2026-07-28,"2024-12","NUS","U.S.","EPM0","Total Gasoline","PTE","Retail Sales","EMM_EPM0_PTE_NUS_DPG","U.S. All Grades All Formulations Retail Gasoline Prices (Dollars per Gallon)","3.139","$/GAL"
"589",2025-01-01,"ALTSALES",15.476,2026-07-28,2026-07-28,"2025-01","NUS","U.S.","EPM0","Total Gasoline","PTE","Retail Sales","EMM_EPM0_PTE_NUS_DPG","U.S. All Grades All Formulations Retail Gasoline Prices (Dollars per Gallon)","3.196","$/GAL"
"590",2025-02-01,"ALTSALES",15.974,2026-07-28,2026-07-28,"2025-02","NUS","U.S.","EPM0","Total Gasoline","PTE","Retail Sales","EMM_EPM0_PTE_NUS_DPG","U.S. All Grades All Formulations Retail Gasoline Prices (Dollars per Gallon)","3.247","$/GAL"
"591",2025-03-01,"ALTSALES",17.892,2026-07-28,2026-07-28,"2025-03","NUS","U.S.","EPM0","Total Gasoline","PTE","Retail Sales","EMM_EPM0_PTE_NUS_DPG","U.S. All Grades All Formulations Retail Gasoline Prices (Dollars per Gallon)","3.223","$/GAL"
"592",2025-04-01,"ALTSALES",17.132,2026-07-28,2026-07-28,"2025-04","NUS","U.S.","EPM0","Total Gasoline","PTE","Retail Sales","EMM_EPM0_PTE_NUS_DPG","U.S. All Grades All Formulations Retail Gasoline Prices (Dollars per Gallon)","3.299","$/GAL"
"593",2025-05-01,"ALTSALES",15.589,2026-07-28,2026-07-28,"2025-05","NUS","U.S.","EPM0","Total Gasoline","PTE","Retail Sales","EMM_EPM0_PTE_NUS_DPG","U.S. All Grades All Formulations Retail Gasoline Prices (Dollars per Gallon)","3.278","$/GAL"
"594",2025-06-01,"ALTSALES",15.829,2026-07-28,2026-07-28,"2025-06","NUS","U.S.","EPM0","Total Gasoline","PTE","Retail Sales","EMM_EPM0_PTE_NUS_DPG","U.S. All Grades All Formulations Retail Gasoline Prices (Dollars per Gallon)","3.276","$/GAL"
"595",2025-07-01,"ALTSALES",16.576,2026-07-28,2026-07-28,"2025-07","NUS","U.S.","EPM0","Total Gasoline","PTE","Retail Sales","EMM_EPM0_PTE_NUS_DPG","U.S. All Grades All Formulations Retail Gasoline Prices (Dollars per Gallon)","3.25","$/GAL"
"596",2025-08-01,"ALTSALES",16.5,2026-07-28,2026-07-28,"2025-08","NUS","U.S.","EPM0","Total Gasoline","PTE","Retail Sales","EMM_EPM0_PTE_NUS_DPG","U.S. All Grades All Formulations Retail Gasoline Prices (Dollars per Gallon)","3.258","$/GAL"
"597",2025-09-01,"ALTSALES",16.601,2026-07-28,2026-07-28,"2025-09","NUS","U.S.","EPM0","Total Gasoline","PTE","Retail Sales","EMM_EPM0_PTE_NUS_DPG","U.S. All Grades All Formulations Retail Gasoline Prices (Dollars per Gallon)","3.293","$/GAL"
"598",2025-10-01,"ALTSALES",15.505,2026-07-28,2026-07-28,"2025-10","NUS","U.S.","EPM0","Total Gasoline","PTE","Retail Sales","EMM_EPM0_PTE_NUS_DPG","U.S. All Grades All Formulations Retail Gasoline Prices (Dollars per Gallon)","3.19","$/GAL"
"599",2025-11-01,"ALTSALES",15.669,2026-07-28,2026-07-28,"2025-11","NUS","U.S.","EPM0","Total Gasoline","PTE","Retail Sales","EMM_EPM0_PTE_NUS_DPG","U.S. All Grades All Formulations Retail Gasoline Prices (Dollars per Gallon)","3.179","$/GAL"
"600",2025-12-01,"ALTSALES",16.008,2026-07-28,2026-07-28,"2025-12","NUS","U.S.","EPM0","Total Gasoline","PTE","Retail Sales","EMM_EPM0_PTE_NUS_DPG","U.S. All Grades All Formulations Retail Gasoline Prices (Dollars per Gallon)","3.024","$/GAL"
"601",2026-01-01,"ALTSALES",14.598,2026-07-28,2026-07-28,"2026-01","NUS","U.S.","EPM0","Total Gasoline","PTE","Retail Sales","EMM_EPM0_PTE_NUS_DPG","U.S. All Grades All Formulations Retail Gasoline Prices (Dollars per Gallon)","2.936","$/GAL"
"602",2026-02-01,"ALTSALES",15.505,2026-07-28,2026-07-28,"2026-02","NUS","U.S.","EPM0","Total Gasoline","PTE","Retail Sales","EMM_EPM0_PTE_NUS_DPG","U.S. All Grades All Formulations Retail Gasoline Prices (Dollars per Gallon)","3.039","$/GAL"
"603",2026-03-01,"ALTSALES",16.309,2026-07-28,2026-07-28,"2026-03","NUS","U.S.","EPM0","Total Gasoline","PTE","Retail Sales","EMM_EPM0_PTE_NUS_DPG","U.S. All Grades All Formulations Retail Gasoline Prices (Dollars per Gallon)","3.771","$/GAL"
"604",2026-04-01,"ALTSALES",16.205,2026-07-28,2026-07-28,"2026-04","NUS","U.S.","EPM0","Total Gasoline","PTE","Retail Sales","EMM_EPM0_PTE_NUS_DPG","U.S. All Grades All Formulations Retail Gasoline Prices (Dollars per Gallon)","4.236","$/GAL"
"605",2026-05-01,"ALTSALES",16.08,2026-07-28,2026-07-28,"2026-05","NUS","U.S.","EPM0","Total Gasoline","PTE","Retail Sales","EMM_EPM0_PTE_NUS_DPG","U.S. All Grades All Formulations Retail Gasoline Prices (Dollars per Gallon)","4.609","$/GAL"
"606",2026-06-01,"ALTSALES",16.523,2026-07-28,2026-07-28,"2026-06","NUS","U.S.","EPM0","Total Gasoline","PTE","Retail Sales","EMM_EPM0_PTE_NUS_DPG","U.S. All Grades All Formulations Retail Gasoline Prices (Dollars per Gallon)","4.184","$/GAL"
"607",2026-07-01,NA,NA,NA,NA,"2026-07","NUS","U.S.","EPM0","Total Gasoline","PTE","Retail Sales","EMM_EPM0_PTE_NUS_DPG","U.S. All Grades All Formulations Retail Gasoline Prices (Dollars per Gallon)","4.064","$/GAL"
